timestamp,Mean reversion|naive,Mean reversion|in_sample,Mean reversion|out_of_sample,Mean reversion|strict_data_out_of_sample,Momentum|naive,Momentum|in_sample,Momentum|out_of_sample,Momentum|strict_data_out_of_sample,ML ranking|naive,ML ranking|in_sample,ML ranking|out_of_sample,ML ranking|strict_data_out_of_sample
2026-08-14 17:00:00+00:00,0.0,0.0,0.0,0.0,0.0,0.0,0.0,0.0,0.0,0.0,0.0,0.0
2026-08-14 18:00:00+00:00,0.0,0.0,0.0,-25.0,0.0,0.0,0.0,0.0,0.0,0.0,0.0,0.0
2026-08-14 19:00:00+00:00,1705.01,1780.01,0.0,65.0,0.0,0.0,0.0,0.0,-75.0,0.0,0.0,0.0
2026-08-14 20:00:00+00:00,1705.01,1635.01,-35.0,65.0,0.0,0.0,0.0,0.0,-25.0,-95.0,-95.0,0.0
2026-08-16 22:00:00+00:00,1705.01,1635.01,-35.0,65.0,0.0,0.0,0.0,0.0,-5.0,-75.0,-75.0,0.0
2026-08-16 23:00:00+00:00,1705.01,1635.01,-35.0,65.0,0.0,0.0,0.0,0.0,-5.0,-75.0,-75.0,0.0
2026-08-17 00:00:00+00:00,1705.01,1635.01,-35.0,65.0,0.0,0.0,0.0,0.0,-5.0,-75.0,-75.0,0.0
2026-08-17 01:00:00+00:00,1705.01,1635.01,-35.0,-115.0,0.0,0.0,0.0,0.0,-5.0,-75.0,-75.0,0.0
2026-08-17 02:00:00+00:00,1705.01,1635.01,-35.0,135.0,0.0,0.0,0.0,0.0,-5.0,-75.0,-75.0,0.0
2026-08-17 03:00:00+00:00,1705.01,1635.01,-35.0,65.0,0.0,0.0,0.0,0.0,-5.0,-75.0,-75.0,0.0
2026-08-17 04:00:00+00:00,1705.01,1635.01,-35.0,45.0,0.0,0.0,0.0,0.0,-5.0,-75.0,-75.0,0.0
2026-08-17 05:00:00+00:00,1705.01,1635.01,-35.0,35.0,0.0,0.0,0.0,0.0,-5.0,-75.0,-75.0,0.0
2026-08-17 06:00:00+00:00,1705.01,1635.01,-35.0,15.0,0.0,0.0,0.0,0.0,-5.0,-75.0,-75.0,0.0
2026-08-17 07:00:00+00:00,1705.01,1635.01,-35.0,45.0,0.0,0.0,0.0,0.0,-5.0,-75.0,-75.0,0.0
2026-08-17 08:00:00+00:00,1705.01,1635.01,-35.0,-155.0,0.0,0.0,0.0,0.0,-5.0,-75.0,-75.0,0.0
2026-08-17 09:00:00+00:00,1705.01,1635.01,30.0,-150.0,0.0,0.0,0.0,0.0,-134.99,-204.99,-204.99,-95.0
2026-08-17 10:00:00+00:00,1680.01,1635.01,-635.0,-390.0,0.0,0.0,0.0,0.0,865.0,795.0,795.0,-95.0
2026-08-17 11:00:00+00:00,1965.01,1610.01,-230.0,229.99,0.0,0.0,0.0,0.0,175.0,105.0,105.0,214.99
2026-08-17 12:00:00+00:00,1965.01,1435.01,-235.0,79.99,0.0,0.0,0.0,0.0,-434.99,-505.0,-505.0,214.99
2026-08-17 13:00:00+00:00,1965.01,1435.01,-295.0,50.0,0.0,0.0,0.0,0.0,-44.99,-115.0,-115.0,-5.0
2026-08-17 14:00:00+00:00,1965.01,1435.01,19.99,389.99,0.0,0.0,0.0,0.0,-459.99,-454.99,-454.99,-5.0
2026-08-17 15:00:00+00:00,1965.01,1435.01,-135.01,-90.0,0.0,0.0,0.0,0.0,-199.99,-349.99,-349.99,-155.0
2026-08-17 16:00:00+00:00,1965.01,1435.01,-820.03,0.0,0.0,0.0,0.0,0.0,-530.0,-680.0,-680.0,-155.0
2026-08-17 17:00:00+00:00,1965.01,1435.01,-625.01,-510.0,0.0,0.0,0.0,0.0,-339.99,-489.99,-489.99,-505.0
2026-08-17 18:00:00+00:00,1965.01,1435.01,-510.01,-230.0,0.0,0.0,0.0,0.0,-269.99,-419.99,-419.99,-295.0
2026-08-17 19:00:00+00:00,1965.01,1435.01,-260.01,-230.0,0.0,0.0,0.0,0.0,-19.99,-169.99,-169.99,-295.0
2026-08-17 20:00:00+00:00,1965.01,1435.01,-565.03,-330.01,0.0,0.0,0.0,0.0,-265.0,-340.0,-340.0,-265.01
2026-08-17 22:00:00+00:00,1965.01,1435.01,-585.03,-170.01,0.0,0.0,0.0,0.0,-785.0,-765.0,-765.0,-290.01
2026-08-17 23:00:00+00:00,1965.01,1435.01,-585.03,-190.01,0.0,0.0,0.0,0.0,-604.99,-584.99,-584.99,-310.02
2026-08-18 00:00:00+00:00,1965.01,1435.01,-410.03,9.99,0.0,0.0,0.0,0.0,-604.99,-584.99,-584.99,-110.01
2026-08-18 01:00:00+00:00,1965.01,1435.01,-435.03,-130.01,0.0,0.0,0.0,0.0,-604.99,-584.99,-584.99,-250.01
2026-08-18 02:00:00+00:00,1965.01,1435.01,-175.03,-390.01,0.0,0.0,0.0,0.0,-604.99,-584.99,-584.99,-510.01
2026-08-18 03:00:00+00:00,1965.01,1435.01,-155.03,-410.01,0.0,0.0,0.0,0.0,-604.99,-584.99,-584.99,-530.01
2026-08-18 04:00:00+00:00,1965.01,1435.01,-255.03,-310.01,0.0,0.0,0.0,0.0,-604.99,-584.99,-584.99,-455.01
2026-08-18 05:00:00+00:00,1965.01,1435.01,-480.03,-110.01,0.0,0.0,0.0,0.0,-604.99,-584.99,-584.99,-455.01
2026-08-18 06:00:00+00:00,1965.01,1435.01,-480.03,-40.01,0.0,0.0,0.0,0.0,-604.99,-584.99,-584.99,-455.01
2026-08-18 07:00:00+00:00,1940.01,1435.01,-505.03,-600.01,0.0,0.0,0.0,0.0,-604.99,-584.99,-584.99,-455.01
2026-08-18 08:00:00+00:00,2265.01,1410.01,-855.03,-250.01,0.0,0.0,0.0,0.0,-604.99,-584.99,-584.99,-455.01
2026-08-18 09:00:00+00:00,2265.01,1365.01,-860.03,-270.02,0.0,0.0,0.0,0.0,-604.99,-584.99,-584.99,-455.01
2026-08-18 10:00:00+00:00,2265.01,1365.01,-860.03,-200.02,0.0,0.0,0.0,0.0,-604.99,-584.99,-584.99,-455.01
2026-08-18 11:00:00+00:00,2240.01,1365.01,-860.03,-470.01,0.0,0.0,0.0,0.0,-604.99,-584.99,-584.99,-455.01
2026-08-18 12:00:00+00:00,2515.01,1340.01,-885.03,-170.01,0.0,0.0,0.0,0.0,-604.99,-584.99,-584.99,-455.01
2026-08-18 13:00:00+00:00,2490.01,875.0,-1350.03,-610.01,0.0,0.0,0.0,0.0,-604.99,-584.99,-584.99,-455.01
2026-08-18 14:00:00+00:00,2825.01,850.0,-1715.04,-930.01,0.0,0.0,0.0,0.0,-945.0,-925.0,-925.0,-1170.01
2026-08-18 15:00:00+00:00,2825.01,875.0,-1240.03,-430.0,0.0,0.0,0.0,0.0,-644.98,-474.98,-474.98,-970.0
2026-08-18 16:00:00+00:00,2825.01,875.0,-560.03,-390.0,0.0,0.0,0.0,0.0,-1004.98,25.02,120.02,-995.0
2026-08-18 17:00:00+00:00,2825.01,875.0,-565.03,-280.0,0.0,0.0,0.0,0.0,-1104.98,-74.98,110.01,-1105.0
2026-08-18 18:00:00+00:00,2825.01,875.0,-590.03,29.99,0.0,0.0,0.0,0.0,-874.98,155.02,-59.99,-1000.01
2026-08-18 19:00:00+00:00,2825.01,875.0,-600.03,-30.0,0.0,0.0,0.0,0.0,-844.98,185.02,-99.99,-1040.01
2026-08-18 20:00:00+00:00,2825.01,875.0,-620.04,-10.0,0.0,0.0,0.0,0.0,-554.98,475.02,-410.0,-1060.02
2026-08-18 22:00:00+00:00,2825.01,875.0,-635.03,-10.0,0.0,0.0,0.0,0.0,-704.98,475.02,-330.0,-1060.02
2026-08-18 23:00:00+00:00,2825.01,875.0,-680.03,-10.0,0.0,0.0,0.0,0.0,-704.98,430.02,-374.99,-1060.02
2026-08-19 00:00:00+00:00,2825.01,875.0,-680.03,-80.01,0.0,0.0,0.0,0.0,-704.98,430.02,-374.99,-990.01
2026-08-19 01:00:00+00:00,2825.01,875.0,-680.03,19.99,0.0,0.0,0.0,0.0,-704.98,430.02,-374.99,-1090.01
2026-08-19 02:00:00+00:00,2825.01,875.0,-705.03,-110.01,0.0,0.0,0.0,0.0,-704.98,430.02,-374.99,-960.01
2026-08-19 03:00:00+00:00,2825.01,875.0,-820.04,-110.01,0.0,0.0,0.0,0.0,-704.98,430.02,-374.99,-960.01
2026-08-19 04:00:00+00:00,2825.01,875.0,-820.04,-110.01,0.0,0.0,0.0,0.0,-704.98,430.02,-374.99,-960.01
2026-08-19 05:00:00+00:00,2825.01,875.0,-845.04,-130.0,0.0,0.0,0.0,0.0,-704.98,430.02,-374.99,-940.01
2026-08-19 06:00:00+00:00,2825.01,875.0,-1070.03,69.99,0.0,0.0,0.0,0.0,-704.98,430.02,-374.99,-1140.01
2026-08-19 07:00:00+00:00,2825.01,875.0,-1095.03,-30.0,0.0,0.0,0.0,0.0,-704.98,430.02,-374.99,-1040.01
2026-08-19 08:00:00+00:00,2825.01,875.0,-595.02,-150.0,0.0,0.0,0.0,0.0,-254.97,55.02,-204.99,-1050.01
2026-08-19 09:00:00+00:00,2825.01,875.0,-915.02,-170.0,0.0,0.0,0.0,0.0,-204.97,105.01,-154.99,-990.01
2026-08-19 10:00:00+00:00,2825.01,875.0,-1085.02,-80.0,0.0,0.0,0.0,0.0,-264.98,195.0,-65.0,-1080.01
2026-08-19 11:00:00+00:00,2825.01,875.0,-1085.02,-90.0,0.0,0.0,0.0,0.0,-894.99,635.01,390.01,-1095.01
2026-08-19 12:00:00+00:00,2825.01,875.0,-1085.02,-160.0,0.0,0.0,0.0,0.0,-894.99,635.01,390.01,-1095.01
2026-08-19 13:00:00+00:00,2825.01,875.0,-1180.02,-470.01,0.0,0.0,0.0,0.0,95.01,1625.02,940.01,-1245.01
2026-08-19 14:00:00+00:00,2750.01,875.0,-710.03,-930.0,0.0,0.0,0.0,0.0,625.0,2155.01,1170.01,-1475.01
2026-08-19 15:00:00+00:00,3065.0,780.0,-780.02,-1299.99,0.0,0.0,0.0,0.0,235.02,1765.02,1160.01,-1475.01
2026-08-19 16:00:00+00:00,2794.99,95.0,-885.02,-1280.0,0.0,0.0,0.0,0.0,685.02,2365.02,1450.01,-1475.01
2026-08-19 17:00:00+00:00,2654.99,-45.0,-1025.02,-1420.0,0.0,0.0,0.0,0.0,685.02,2365.02,1450.01,-1475.01
2026-08-19 18:00:00+00:00,3214.99,515.0,-1165.02,-850.01,0.0,0.0,0.0,0.0,1225.02,1635.02,1000.01,-1435.02
2026-08-19 19:00:00+00:00,3320.0,645.0,-1225.02,-1040.01,0.0,0.0,0.0,0.0,2055.01,2465.02,1830.01,-1435.02
2026-08-19 20:00:00+00:00,3419.99,520.0,-1030.03,-940.01,0.0,0.0,0.0,0.0,1575.03,1985.04,1350.03,-1435.02
2026-08-19 22:00:00+00:00,3379.99,480.0,-1070.03,-940.01,0.0,0.0,0.0,0.0,1575.03,1985.04,1350.03,-1435.02
2026-08-19 23:00:00+00:00,3399.99,500.0,-1050.03,-940.01,0.0,0.0,0.0,0.0,1575.03,1985.04,1350.03,-1435.02
2026-08-20 00:00:00+00:00,3399.99,500.0,-1050.03,-940.01,0.0,0.0,0.0,0.0,1575.03,1985.04,1350.03,-1435.02
2026-08-20 01:00:00+00:00,3149.99,250.0,-1540.03,-650.0,0.0,0.0,0.0,0.0,1785.03,2195.04,1560.03,-1335.01
2026-08-20 02:00:00+00:00,3149.99,250.0,-1325.02,-770.01,0.0,0.0,0.0,0.0,1665.02,2075.02,1240.02,-1395.01
2026-08-20 03:00:00+00:00,3170.0,270.01,-1140.02,-1150.0,0.0,0.0,0.0,0.0,1265.03,1675.03,900.02,-1585.01
2026-08-20 04:00:00+00:00,3179.99,280.0,-1295.03,-1150.0,0.0,0.0,0.0,0.0,1255.03,1665.04,890.03,-1585.01
2026-08-20 05:00:00+00:00,3059.99,160.01,-1495.03,-1260.0,0.0,0.0,0.0,0.0,1245.03,1705.03,930.02,-1585.01
2026-08-20 06:00:00+00:00,3149.99,250.0,-1185.04,-790.01,0.0,0.0,0.0,0.0,1465.02,1995.02,1245.01,-1405.02
2026-08-20 07:00:00+00:00,3145.0,270.01,-1565.03,-1470.01,0.0,0.0,0.0,0.0,1125.02,1655.02,885.01,-1745.01
2026-08-20 08:00:00+00:00,2364.99,95.0,-1845.04,-1610.01,0.0,0.0,0.0,0.0,535.03,1065.03,435.02,-1745.01
2026-08-20 09:00:00+00:00,3415.0,575.0,-1865.05,-1549.99,0.0,0.0,0.0,0.0,1085.03,1615.03,995.03,-1785.01
2026-08-20 10:00:00+00:00,3525.0,714.98,-1905.03,-1350.01,0.0,0.0,0.0,0.0,1185.02,1715.02,1085.01,-1685.02
2026-08-20 11:00:00+00:00,3055.0,244.98,-2375.03,-1420.01,0.0,0.0,0.0,0.0,785.02,1315.02,755.01,-1685.02
2026-08-20 12:00:00+00:00,4010.0,1274.98,-1345.03,-470.01,0.0,0.0,0.0,0.0,1625.02,2155.02,1370.02,-1245.01
2026-08-20 13:00:00+00:00,3759.99,979.98,-1605.03,-570.0,0.0,0.0,0.0,0.0,1575.03,2105.03,1420.03,-1295.01
2026-08-20 14:00:00+00:00,3699.98,919.98,-1380.03,-440.0,0.0,0.0,0.0,0.0,1895.03,2425.03,1930.03,-1295.01
2026-08-20 15:00:00+00:00,4259.98,1529.98,-805.03,-400.0,0.0,0.0,0.0,0.0,1365.03,1895.03,830.03,-1295.01
2026-08-20 16:00:00+00:00,4424.99,1719.98,-640.03,-210.0,0.0,0.0,0.0,0.0,1555.03,2085.03,830.03,-1295.01
2026-08-20 17:00:00+00:00,4424.99,1534.98,-645.02,-1050.01,0.0,0.0,0.0,0.0,1285.02,1865.02,740.02,-1535.01
2026-08-20 18:00:00+00:00,4399.99,1534.98,-645.02,-990.0,0.0,0.0,0.0,0.0,585.02,1485.02,-44.99,-1535.01
2026-08-20 19:00:00+00:00,4719.99,1499.98,-740.02,-1090.0,0.0,0.0,0.0,0.0,1325.02,2225.02,375.01,-1535.01
2026-08-20 20:00:00+00:00,4719.99,1499.98,-740.02,-1060.0,0.0,0.0,0.0,0.0,1325.02,2225.02,345.01,-1535.01
2026-08-20 22:00:00+00:00,4719.99,1499.98,-740.02,-1060.0,0.0,0.0,0.0,0.0,1325.02,2225.02,385.01,-1535.01
2026-08-20 23:00:00+00:00,4719.99,1499.98,-740.02,-1060.0,0.0,0.0,0.0,0.0,1325.02,2225.02,305.01,-1535.01
2026-08-21 00:00:00+00:00,4719.99,1499.98,-740.02,-1180.0,0.0,0.0,0.0,0.0,1325.02,2225.02,465.01,-1535.01
2026-08-21 01:00:00+00:00,4719.99,1499.98,-740.02,-1050.0,0.0,0.0,0.0,0.0,1325.02,2225.02,310.01,-1535.01
2026-08-21 02:00:00+00:00,4719.99,1499.98,-740.02,-970.01,0.0,0.0,0.0,0.0,1325.02,2225.02,310.01,-1535.01
2026-08-21 03:00:00+00:00,4719.99,1499.98,-765.02,-1040.0,0.0,0.0,0.0,0.0,1325.02,2225.02,310.01,-1535.01
2026-08-21 04:00:00+00:00,4719.99,1499.98,-795.01,-1010.01,0.0,0.0,0.0,0.0,1325.02,2225.02,310.01,-1535.01
2026-08-21 05:00:00+00:00,4719.99,1499.98,-765.01,-1040.01,0.0,0.0,0.0,0.0,1325.02,2225.02,310.01,-1535.01
2026-08-21 06:00:00+00:00,4784.98,1589.98,-610.04,-950.02,0.0,0.0,0.0,0.0,1300.01,2325.01,135.02,-1505.02
2026-08-21 07:00:00+00:00,4784.98,1534.98,-650.03,-1010.02,0.0,0.0,0.0,0.0,1360.01,2180.02,-89.98,-1505.02
2026-08-21 08:00:00+00:00,4784.98,1534.98,-765.03,-920.02,0.0,0.0,0.0,0.0,1270.01,2090.02,-179.98,-1505.02
2026-08-21 09:00:00+00:00,4784.98,1534.98,-825.03,-1430.01,0.0,0.0,0.0,0.0,1330.0,2150.02,-119.98,-1955.01
2026-08-21 10:00:00+00:00,4784.98,1534.98,-1080.03,-1070.0,0.0,0.0,0.0,0.0,1280.01,2100.02,-169.98,-1644.99
2026-08-21 11:00:00+00:00,4784.98,1534.98,-1215.03,-1209.99,0.0,0.0,0.0,0.0,1420.01,2240.02,-29.98,-1644.99
2026-08-21 12:00:00+00:00,4784.98,1534.98,-1215.03,-959.99,0.0,0.0,0.0,0.0,1145.01,1990.02,-279.98,-1644.99
2026-08-21 13:00:00+00:00,4734.98,1534.98,-1300.03,-270.01,0.0,0.0,0.0,0.0,1865.0,2095.02,-174.98,-815.01
2026-08-21 14:00:00+00:00,5094.99,1474.98,-1840.04,-200.01,0.0,0.0,0.0,0.0,1455.0,1685.02,-584.98,-815.01
2026-08-21 15:00:00+00:00,5069.99,1304.98,-2160.04,-340.01,0.0,0.0,0.0,0.0,1225.0,1455.01,-814.99,-815.01
2026-08-21 16:00:00+00:00,5069.99,1304.98,-2175.04,-370.01,0.0,0.0,0.0,0.0,1254.99,1485.01,-784.99,-815.01
2026-08-21 17:00:00+00:00,5069.99,1304.98,-2115.04,-430.01,0.0,0.0,0.0,0.0,1315.0,1545.02,-724.98,-815.01
2026-08-21 18:00:00+00:00,5359.99,1259.98,-2075.04,-1070.01,0.0,0.0,0.0,0.0,1364.99,1695.01,-574.99,-1565.02
2026-08-21 19:00:00+00:00,5259.99,1159.98,-2250.04,-310.02,0.0,0.0,0.0,0.0,1794.99,1765.02,-504.99,-855.02
2026-08-21 20:00:00+00:00,5259.99,1159.98,-2345.04,-350.02,0.0,0.0,0.0,0.0,1834.99,1805.02,-464.99,-855.02
2026-08-23 22:00:00+00:00,5184.99,1159.98,-3890.03,-260.01,0.0,0.0,0.0,0.0,1744.99,1715.01,-554.99,-855.02
2026-08-23 23:00:00+00:00,5184.99,1159.98,-3915.03,-270.01,0.0,0.0,0.0,0.0,1754.99,1725.01,-544.99,-855.02
2026-08-24 00:00:00+00:00,5184.99,1159.98,-3920.02,-290.02,0.0,0.0,0.0,0.0,1775.0,1745.02,-524.98,-855.02
2026-08-24 01:00:00+00:00,6549.97,1354.98,-3725.03,-999.99,0.0,0.0,0.0,0.0,1255.0,1275.03,-994.98,-1345.01
2026-08-24 02:00:00+00:00,6949.96,2219.96,-2965.04,-1000.0,0.0,0.0,0.0,0.0,805.01,755.04,-1619.97,-1370.01
2026-08-24 03:00:00+00:00,7009.97,2219.97,-3045.04,-939.99,0.0,0.0,0.0,0.0,785.0,735.03,-1559.96,-1310.0
2026-08-24 04:00:00+00:00,7009.97,2219.97,-3045.04,-1000.0,0.0,0.0,0.0,0.0,785.0,735.03,-1619.97,-1370.01
2026-08-24 05:00:00+00:00,7009.97,2219.97,-3045.04,-909.99,0.0,0.0,0.0,0.0,785.0,735.03,-1529.96,-1280.0
2026-08-24 06:00:00+00:00,6984.97,2219.97,-3045.04,-820.0,0.0,0.0,0.0,0.0,785.0,735.03,-1439.97,-1190.01
2026-08-24 07:00:00+00:00,7224.96,2194.97,-3045.04,-1059.99,0.0,0.0,0.0,0.0,785.0,735.03,-1679.96,-1430.0
2026-08-24 08:00:00+00:00,7294.96,2264.97,-3070.04,-1129.99,0.0,0.0,0.0,0.0,785.0,735.03,-1774.96,-1525.0
2026-08-24 09:00:00+00:00,7079.96,2074.97,-2880.04,-939.99,0.0,0.0,0.0,0.0,785.0,735.03,-1774.96,-1525.0
2026-08-24 10:00:00+00:00,7079.96,2159.97,-3015.04,-1049.99,0.0,0.0,0.0,0.0,785.0,735.03,-1774.96,-1525.0
2026-08-24 11:00:00+00:00,6474.96,1579.97,-3110.04,-1169.99,0.0,0.0,0.0,0.0,785.0,735.03,-1774.96,-1560.0
2026-08-24 12:00:00+00:00,6659.95,1674.96,-3330.03,-1169.99,0.0,0.0,0.0,0.0,785.0,735.03,-1774.96,-1680.0
2026-08-24 13:00:00+00:00,6659.95,1649.98,-3295.03,-1169.99,0.0,0.0,0.0,0.0,710.0,735.03,-1774.96,-1680.01
2026-08-24 14:00:00+00:00,6584.95,1649.98,-3295.03,-1199.99,0.0,0.0,0.0,0.0,250.0,650.03,-1859.96,-1705.01
2026-08-24 15:00:00+00:00,7589.95,1554.98,-3390.03,-1169.99,0.0,0.0,0.0,0.0,750.0,1150.03,-1359.96,-1970.0
2026-08-24 16:00:00+00:00,7564.95,1889.98,-3055.02,-1119.99,0.0,0.0,0.0,0.0,940.01,1340.03,-1169.96,-2020.0
2026-08-24 17:00:00+00:00,7504.95,1864.98,-3080.02,-1169.99,0.0,0.0,0.0,0.0,720.0,1120.03,-1389.97,-2049.99
2026-08-24 18:00:00+00:00,7434.95,1844.98,-3100.02,-1149.99,0.0,0.0,0.0,0.0,1040.0,1440.03,-1069.96,-2070.0
2026-08-24 19:00:00+00:00,7274.97,1674.99,-3270.02,-1040.0,0.0,0.0,0.0,0.0,905.0,1380.03,-1129.97,-2179.99
2026-08-24 20:00:00+00:00,7274.96,1674.98,-3270.02,-1039.99,0.0,0.0,0.0,0.0,904.99,1380.02,-1129.98,-2205.0
2026-08-24 22:00:00+00:00,7374.96,1774.98,-3170.02,-1139.99,0.0,0.0,0.0,0.0,1004.99,1480.02,-1029.98,-2205.0
2026-08-24 23:00:00+00:00,7464.96,1864.98,-3080.02,-1229.99,0.0,0.0,0.0,0.0,1094.99,1570.02,-939.97,-2205.0
2026-08-25 00:00:00+00:00,8139.97,2564.99,-2380.02,-1169.99,0.0,0.0,0.0,0.0,1695.0,595.02,-1914.97,-1775.0
2026-08-25 01:00:00+00:00,8184.97,1869.99,-3255.01,-1674.99,0.0,0.0,0.0,0.0,735.0,-364.97,-2884.97,-2505.0
2026-08-25 02:00:00+00:00,8819.97,2234.99,-2495.02,-1324.99,0.0,0.0,0.0,0.0,1964.99,1065.02,-2154.98,-2155.0
2026-08-25 03:00:00+00:00,8769.96,2199.96,-2530.04,-1274.98,0.0,0.0,0.0,0.0,1604.99,1185.0,-2194.99,-2180.0
2026-08-25 04:00:00+00:00,8754.96,2209.96,-2520.04,-1284.99,0.0,0.0,0.0,0.0,1284.99,865.0,-2514.99,-2170.0
2026-08-25 05:00:00+00:00,8854.97,2309.97,-2420.03,-1384.99,0.0,0.0,0.0,0.0,1284.99,865.0,-2514.99,-2069.99
2026-08-25 06:00:00+00:00,8774.96,2229.97,-2525.04,-1304.99,0.0,0.0,0.0,0.0,1284.99,865.0,-2514.99,-2149.99
2026-08-25 07:00:00+00:00,8704.96,2159.97,-2525.04,-1234.99,0.0,0.0,0.0,0.0,1284.99,865.0,-2514.99,-2219.99
2026-08-25 08:00:00+00:00,8854.96,1934.97,-2560.04,-1324.99,0.0,0.0,0.0,0.0,1234.99,865.0,-2514.99,-2405.0
2026-08-25 09:00:00+00:00,8284.97,1364.97,-3065.03,-1324.99,0.0,0.0,0.0,0.0,1624.99,805.0,-2574.99,-2979.99
2026-08-25 10:00:00+00:00,8694.96,1774.97,-2655.03,-1374.99,0.0,0.0,0.0,0.0,1314.99,495.0,-2884.99,-2930.0
2026-08-25 11:00:00+00:00,8574.96,1654.97,-2775.04,-1324.99,0.0,0.0,0.0,0.0,1354.99,535.0,-2844.99,-3250.0
2026-08-25 12:00:00+00:00,8594.96,1674.97,-2755.03,-1324.99,0.0,0.0,0.0,0.0,1434.99,615.0,-2764.99,-3170.0
2026-08-25 13:00:00+00:00,8714.97,1794.97,-2635.03,-1324.99,0.0,0.0,0.0,0.0,1455.0,635.01,-2744.98,-3149.98
2026-08-25 14:00:00+00:00,8634.96,1714.97,-2715.03,-995.0,0.0,0.0,0.0,0.0,2135.0,1465.01,-1914.98,-3130.0
2026-08-25 15:00:00+00:00,8679.96,1834.97,-2595.04,-995.0,0.0,0.0,0.0,0.0,2285.0,2655.0,-794.99,-3429.99
2026-08-25 16:00:00+00:00,8709.96,1539.96,-2925.04,-1025.0,0.0,0.0,0.0,0.0,2084.99,2455.0,-1024.99,-3459.99
2026-08-25 17:00:00+00:00,8759.97,1589.97,-2955.04,-995.0,-25.0,0.0,0.0,0.0,2165.0,2535.01,-914.98,-3549.98
2026-08-25 18:00:00+00:00,8579.96,1409.96,-3045.05,-995.0,65.0,-25.0,-25.0,-25.0,2075.0,2445.0,-914.98,-3549.98
2026-08-25 19:00:00+00:00,8319.97,1149.97,-3225.04,-995.0,245.0,154.99,154.99,154.99,1995.0,2365.0,-814.99,-3449.99
2026-08-25 20:00:00+00:00,8724.96,1629.97,-3255.04,-995.0,275.0,185.0,185.0,185.0,2355.0,2875.0,-274.98,-2909.98
2026-08-25 22:00:00+00:00,9339.96,1084.97,-3235.04,-995.0,195.0,105.0,105.0,105.0,3495.0,2165.01,-1039.98,-3674.98
2026-08-25 23:00:00+00:00,9309.97,929.97,-3355.04,-995.0,225.0,135.0,135.0,105.0,3465.0,2135.01,-1069.98,-3674.98
2026-08-26 00:00:00+00:00,9039.97,659.97,-3485.04,-995.0,355.0,264.99,264.99,264.99,3615.0,2285.01,-919.98,-3554.98
2026-08-26 01:00:00+00:00,9319.96,989.97,-3485.04,-995.0,355.0,264.99,264.99,264.99,2955.01,1625.02,-1579.97,-4214.97
2026-08-26 02:00:00+00:00,9709.95,889.97,-3265.04,-1214.99,135.0,45.0,45.0,45.0,3695.0,2365.0,-839.99,-4214.97
2026-08-26 03:00:00+00:00,9529.95,609.98,-3375.04,-1105.0,245.0,154.99,154.99,129.99,3575.02,2395.02,-809.97,-4214.97
2026-08-26 04:00:00+00:00,9649.95,729.98,-3255.04,-1225.0,125.0,35.0,35.0,104.99,3575.02,2395.02,-834.97,-4214.97
2026-08-26 05:00:00+00:00,9609.95,689.98,-3320.04,-1185.0,164.99,74.99,74.99,144.99,3575.02,2395.02,-874.96,-4214.97
2026-08-26 06:00:00+00:00,9639.95,719.98,-3320.04,-1215.0,135.0,44.99,44.99,114.99,3575.02,2395.02,-844.96,-4214.97
2026-08-26 07:00:00+00:00,9089.95,169.98,-3320.04,-995.0,325.0,234.99,234.99,304.99,2935.02,2845.02,-549.96,-2804.97
2026-08-26 08:00:00+00:00,9559.95,639.98,-3415.04,-995.0,365.01,275.0,275.0,345.0,3995.05,3905.05,-39.95,-3864.99
2026-08-26 09:00:00+00:00,9279.96,359.99,-4215.06,-995.0,304.99,214.99,214.99,284.99,3255.02,3165.03,-379.96,-3124.97
2026-08-26 10:00:00+00:00,9379.96,459.99,-4090.05,-935.0,365.0,275.0,275.0,344.99,3635.04,3545.04,-219.95,-3124.97
2026-08-26 11:00:00+00:00,9734.96,889.99,-3370.05,-975.0,325.0,234.99,234.99,304.99,4375.04,4285.04,170.05,-3124.97
2026-08-26 12:00:00+00:00,9904.95,654.98,-3570.06,-995.0,315.0,225.0,225.0,295.0,4065.04,3975.04,20.04,-4124.99
2026-08-26 13:00:00+00:00,11449.94,2274.98,-1925.07,-964.99,225.0,135.0,135.0,204.99,4095.03,4005.04,840.04,-4095.0
2026-08-26 14:00:00+00:00,11419.94,2629.97,-1515.07,-964.99,235.0,145.0,145.0,214.99,4125.04,4035.04,1110.04,-4064.99
2026-08-26 15:00:00+00:00,11364.93,2599.97,-1815.08,-1345.0,65.0,-25.0,-25.0,45.0,4545.04,4605.05,1080.04,-3494.98
2026-08-26 16:00:00+00:00,11494.94,2674.99,-1605.06,-1315.01,95.0,4.99,4.99,74.99,4835.06,4125.03,695.04,-3519.98
2026-08-26 17:00:00+00:00,11544.93,2724.98,-1315.08,-1345.0,205.0,115.0,115.0,184.99,5045.04,4335.02,905.02,-4064.97
2026-08-26 18:00:00+00:00,12189.93,3394.97,-10.08,-1345.0,205.0,115.0,115.0,184.99,6385.04,5675.01,2245.02,-4064.97
2026-08-26 19:00:00+00:00,12129.93,2909.98,-495.07,-795.0,190.0,124.99,124.99,194.99,5495.05,4785.03,1355.03,-3834.97
2026-08-26 20:00:00+00:00,12039.94,2919.98,-520.08,-864.99,190.0,30.0,30.0,125.0,5745.04,5035.01,1605.02,-3904.96
2026-08-26 22:00:00+00:00,12204.93,3109.97,-520.08,-674.99,190.0,30.0,30.0,289.99,5100.05,4465.03,1035.03,-3714.97
2026-08-26 23:00:00+00:00,12204.93,3109.97,-520.08,-674.99,190.0,30.0,30.0,289.99,5070.06,4440.03,1010.03,-3714.97
2026-08-27 00:00:00+00:00,12204.93,3109.97,-520.08,-754.99,190.0,30.0,30.0,264.99,5180.06,4550.03,1120.03,-3819.97
2026-08-27 01:00:00+00:00,12204.93,3144.97,-520.08,-964.99,165.0,30.0,30.0,349.99,5000.06,4210.03,780.04,-4139.97
2026-08-27 02:00:00+00:00,12204.93,3144.97,-520.08,-835.0,49.99,5.0,5.0,349.99,5220.06,4430.03,1000.04,-3919.97
2026-08-27 03:00:00+00:00,12204.93,3144.97,-520.08,-835.0,49.99,-20.0,-20.0,349.99,5030.06,4240.04,810.04,-4109.96
2026-08-27 04:00:00+00:00,12204.93,3144.97,-520.08,-835.0,49.99,-20.0,-20.0,349.99,4970.06,4230.04,800.04,-4109.96
2026-08-27 05:00:00+00:00,12204.93,3144.97,-520.08,-854.99,49.99,-20.0,-20.0,324.99,5000.06,4565.03,1135.04,-4109.96
2026-08-27 06:00:00+00:00,12204.93,3144.97,-520.08,-685.0,49.99,-20.0,-20.0,329.99,5160.06,4490.03,1060.04,-3779.97
2026-08-27 07:00:00+00:00,12054.93,3144.97,-520.08,-685.0,24.99,-20.0,-20.0,329.99,5620.05,4950.02,1520.03,-4469.98
2026-08-27 08:00:00+00:00,10824.94,2924.97,-740.08,-714.99,-30.0,-45.0,-45.0,329.99,5650.05,4980.02,1550.03,-4469.98
2026-08-27 09:00:00+00:00,7664.93,-235.03,-3900.08,-765.0,-30.0,-120.0,-120.0,329.99,6510.06,5840.03,2410.03,-4469.98
2026-08-27 10:00:00+00:00,7664.93,-235.03,-3900.08,-745.0,-30.0,-120.0,-120.0,329.99,6465.07,5820.03,2390.04,-4469.98
2026-08-27 11:00:00+00:00,7664.93,-235.03,-3900.08,-835.0,-30.0,-120.0,-120.0,329.99,6465.07,5885.03,2455.03,-4469.98
2026-08-27 12:00:00+00:00,10294.94,2494.97,-1195.08,-685.0,-30.0,-120.0,-120.0,329.99,6465.07,5885.03,2455.03,-3889.97
2026-08-27 13:00:00+00:00,14039.95,6315.0,2509.95,-1164.99,-30.0,-120.0,-120.0,329.99,5085.06,4505.02,1075.03,-3829.96
2026-08-27 14:00:00+00:00,14084.95,5229.98,1469.93,-875.0,-30.0,-120.0,-120.0,329.99,5745.06,5165.03,1735.03,-3609.97
2026-08-27 15:00:00+00:00,14454.95,5184.98,1839.93,-875.0,-30.0,-120.0,-120.0,329.99,5375.06,4795.03,1365.03,-3909.97
2026-08-27 16:00:00+00:00,14424.96,5154.99,1764.94,-875.0,-30.0,-120.0,-120.0,329.99,5305.06,4825.02,1395.03,-4029.98
2026-08-27 17:00:00+00:00,14359.96,5164.99,1774.94,-865.0,-30.0,-120.0,-120.0,329.99,5295.06,4800.02,1395.03,-4029.98
2026-08-27 18:00:00+00:00,16969.97,4969.99,1579.94,-875.0,-30.0,-120.0,-120.0,329.99,5395.06,4900.03,1395.03,-3904.97
2026-08-27 19:00:00+00:00,17074.97,5209.99,1784.94,-894.99,-30.0,-120.0,-120.0,329.99,5415.06,4920.03,1395.03,-3904.97
2026-08-27 20:00:00+00:00,16944.98,5214.99,1654.94,-1024.99,-30.0,-120.0,-120.0,329.99,5545.06,5050.02,1395.03,-3904.97
2026-08-27 22:00:00+00:00,16994.96,5264.98,1704.93,-975.0,-30.0,-120.0,-120.0,329.99,5495.07,5000.04,1395.03,-3904.97
2026-08-27 23:00:00+00:00,17024.97,5294.98,1734.94,-945.0,-30.0,-120.0,-120.0,329.99,5440.06,4970.03,1395.03,-3904.97
2026-08-28 00:00:00+00:00,17084.97,5354.98,1794.94,-885.0,-30.0,-120.0,-120.0,329.99,5440.06,4885.03,1395.03,-3904.97
2026-08-28 01:00:00+00:00,17094.97,5364.98,1804.94,-875.0,-30.0,-120.0,-120.0,329.99,5440.06,4885.03,1395.03,-4284.96
2026-08-28 02:00:00+00:00,17254.97,5574.98,2014.94,-665.0,-30.0,-120.0,-120.0,329.99,5440.06,4885.03,1395.03,-4284.96
2026-08-28 03:00:00+00:00,17514.96,5304.98,1779.94,-875.0,-30.0,-120.0,-120.0,329.99,5440.06,4885.03,1395.03,-4284.96
2026-08-28 04:00:00+00:00,17489.96,5304.98,1779.94,-1004.99,-30.0,-120.0,-120.0,329.99,5440.06,4885.03,1395.03,-4284.96
2026-08-28 05:00:00+00:00,17529.96,5279.98,1779.94,-964.99,-30.0,-120.0,-120.0,329.99,5440.06,4885.03,1395.03,-4284.96
2026-08-28 06:00:00+00:00,17569.96,5319.98,1779.94,-925.0,-30.0,-120.0,-120.0,329.99,5440.06,4885.03,1395.03,-4284.96
2026-08-28 07:00:00+00:00,17559.96,5309.98,1779.94,-935.0,-30.0,-120.0,-120.0,329.99,5440.06,4885.03,1395.03,-4284.96
2026-08-28 08:00:00+00:00,17014.95,4839.97,1779.94,-1954.99,-30.0,-120.0,-120.0,329.99,4900.06,4640.04,1105.03,-5234.96
2026-08-28 09:00:00+00:00,17574.95,5004.97,1779.94,-1934.99,-55.0,-120.0,-120.0,329.99,5170.06,4910.03,1375.03,-5234.96
2026-08-28 10:00:00+00:00,17134.96,4564.98,1779.94,-1954.98,-35.01,-145.0,-145.0,329.99,4960.06,4700.04,1165.03,-5234.96
2026-08-28 11:00:00+00:00,17284.95,4714.97,1779.94,-1804.99,-210.0,-295.0,-295.0,329.99,4960.06,4700.04,1165.03,-5234.96
2026-08-28 12:00:00+00:00,17344.96,4774.98,1779.94,-1744.99,-210.0,-380.0,-380.0,329.99,4960.06,4700.04,1165.03,-5234.96
2026-08-28 13:00:00+00:00,17334.95,4764.98,1779.94,-1754.99,-210.0,-380.0,-380.0,329.99,4960.06,4700.04,1165.03,-5234.96
2026-08-28 14:00:00+00:00,18569.95,6074.97,1779.94,-1354.99,-210.0,-380.0,-380.0,329.99,5720.06,5460.04,2145.04,-4244.96
2026-08-28 15:00:00+00:00,18519.95,5919.97,1779.94,-1304.99,-210.0,-380.0,-380.0,329.99,5670.06,5410.03,2095.03,-4244.96
2026-08-28 16:00:00+00:00,18439.95,5839.97,1779.94,-1354.99,-210.0,-380.0,-380.0,329.99,5740.06,5480.03,2315.03,-4494.98
2026-08-28 17:00:00+00:00,18564.95,5989.97,1779.94,-1335.0,-210.0,-380.0,-380.0,329.99,5510.06,5350.04,1905.04,-4344.97
2026-08-28 18:00:00+00:00,18564.95,6344.97,1754.94,-1335.0,-210.0,-380.0,-380.0,329.99,5280.06,5780.04,2480.04,-3784.98
2026-08-28 19:00:00+00:00,18564.95,6344.97,1774.94,-1335.0,-210.0,-380.0,-380.0,329.99,5490.07,5990.05,2690.05,-3334.98
2026-08-28 20:00:00+00:00,18564.95,6344.97,1744.94,-1335.0,-210.0,-380.0,-380.0,329.99,5460.06,5960.04,2660.04,-3544.98
2026-08-30 22:00:00+00:00,18564.95,6344.97,2004.94,-1335.0,-210.0,-380.0,-380.0,329.99,5720.06,6220.04,2920.04,-3344.97
2026-08-30 23:00:00+00:00,18564.95,6344.97,2089.94,-1445.0,-210.0,-380.0,-380.0,329.99,5830.06,6330.04,3030.04,-3234.97
2026-08-31 00:00:00+00:00,18564.95,6344.97,2089.94,-1335.0,-210.0,-380.0,-380.0,329.99,5580.06,6130.04,2830.04,-3484.97
2026-08-31 01:00:00+00:00,18564.95,6344.97,2089.94,-1335.0,-210.0,-380.0,-380.0,329.99,6100.05,6090.05,2790.05,-3024.98
2026-08-31 02:00:00+00:00,18564.95,6344.97,2089.94,-1335.0,-210.0,-380.0,-380.0,329.99,5470.06,5460.06,2160.06,-4294.96
2026-08-31 03:00:00+00:00,18564.95,6344.97,2089.94,-1295.0,-210.0,-380.0,-380.0,329.99,5530.05,5520.06,2220.06,-4294.96
2026-08-31 04:00:00+00:00,18564.95,6344.97,2089.94,-1385.0,-210.0,-380.0,-380.0,329.99,5620.05,5610.05,2310.06,-4294.96
2026-08-31 05:00:00+00:00,18564.95,6344.97,2089.94,-1385.0,-210.0,-380.0,-380.0,329.99,5620.05,5610.05,2310.06,-4294.96
2026-08-31 06:00:00+00:00,18564.95,6344.97,2089.94,-1335.0,-210.0,-380.0,-380.0,329.99,5680.06,5670.06,2370.06,-3934.96
2026-08-31 07:00:00+00:00,18564.95,6344.97,2089.94,-1335.0,-210.0,-380.0,-380.0,329.99,5910.05,5900.05,2430.06,-3659.97
2026-08-31 08:00:00+00:00,18564.95,6344.97,2089.94,-1335.0,-210.0,-380.0,-380.0,329.99,6110.05,6100.05,2230.06,-3489.97
2026-08-31 09:00:00+00:00,18564.95,6344.97,2089.94,-1324.99,-210.0,-380.0,-380.0,329.99,6050.05,6040.05,2290.06,-3479.97
2026-08-31 10:00:00+00:00,18564.95,6344.97,2089.94,-1244.99,-210.0,-380.0,-380.0,329.99,5850.05,5840.06,2490.05,-3399.97
2026-08-31 11:00:00+00:00,18564.95,6344.97,2089.94,-1314.99,-210.0,-380.0,-380.0,329.99,5920.05,5910.06,2420.05,-3469.97
2026-08-31 12:00:00+00:00,18564.95,6344.97,2089.94,-1335.0,-210.0,-380.0,-380.0,329.99,5760.06,5750.06,2580.05,-3709.96
2026-08-31 13:00:00+00:00,18564.95,6344.97,2089.94,-1335.0,-210.0,-380.0,-380.0,329.99,6060.05,6050.06,2110.06,-3569.97
2026-08-31 14:00:00+00:00,18564.95,6344.97,2089.94,-1275.0,-210.0,-380.0,-380.0,329.99,5530.05,5520.06,1580.06,-3629.96
2026-08-31 15:00:00+00:00,18564.95,6344.97,2089.94,-1185.0,-210.0,-380.0,-380.0,329.99,5740.05,5730.06,1790.06,-3719.96
2026-08-31 16:00:00+00:00,18564.95,6344.97,2089.94,-1335.0,-210.0,-380.0,-380.0,329.99,5750.05,5740.05,1800.05,-3389.96
2026-08-31 17:00:00+00:00,18564.95,6344.97,2089.94,-1265.0,-210.0,-380.0,-380.0,329.99,5690.05,5680.05,1740.05,-3459.96
2026-08-31 18:00:00+00:00,18564.95,6344.97,2089.94,-1335.0,-210.0,-380.0,-380.0,329.99,5440.05,5430.05,1490.05,-3099.96
2026-08-31 19:00:00+00:00,18564.95,6344.97,2089.94,-1384.99,-210.0,-380.0,-380.0,329.99,5670.05,5660.06,1660.06,-3074.96
2026-08-31 20:00:00+00:00,18564.95,6344.97,2089.94,-1414.99,-210.0,-380.0,-380.0,329.99,5880.05,5870.06,2050.06,-3074.96
2026-08-31 22:00:00+00:00,18564.95,6344.97,2089.94,-1464.99,-210.0,-380.0,-380.0,329.99,5930.06,5920.06,2050.06,-3074.96
2026-08-31 23:00:00+00:00,18564.95,6344.97,2089.94,-1504.99,-210.0,-380.0,-380.0,329.99,5970.05,5960.05,2050.06,-3074.96
2026-09-01 00:00:00+00:00,18564.95,6344.97,2089.94,-1434.99,-210.0,-380.0,-380.0,329.99,5900.05,5890.05,2050.06,-3074.96
2026-09-01 01:00:00+00:00,18564.95,6344.97,2089.94,-1414.99,-210.0,-380.0,-380.0,329.99,5855.05,5870.06,2050.06,-3074.96
2026-09-01 02:00:00+00:00,18564.95,6344.97,2089.94,-1464.99,-210.0,-380.0,-380.0,329.99,5855.05,5895.05,2050.06,-3074.96
2026-09-01 03:00:00+00:00,18564.95,6344.97,2089.94,-1454.99,-210.0,-380.0,-380.0,329.99,5855.05,5895.05,2050.06,-3074.96
2026-09-01 04:00:00+00:00,18564.95,6344.97,2089.94,-1554.99,-210.0,-380.0,-380.0,329.99,5855.05,5895.05,2050.06,-3074.96
2026-09-01 05:00:00+00:00,18464.95,6344.97,2089.94,-1335.0,-210.0,-380.0,-380.0,329.99,4835.05,4875.05,280.05,-2894.96
2026-09-01 06:00:00+00:00,19164.94,6224.97,1969.94,-1254.99,-210.0,-380.0,-380.0,329.99,5185.05,5225.04,900.05,-2894.96
2026-09-01 07:00:00+00:00,19844.96,7004.98,2749.95,-1314.99,-210.0,-380.0,-380.0,329.99,4920.06,5035.06,1160.06,-2894.96
2026-09-01 08:00:00+00:00,19609.96,7784.98,3564.95,-1335.0,-210.0,-380.0,-380.0,329.99,4790.06,5240.06,1775.06,-474.96
2026-09-01 09:00:00+00:00,19979.95,7909.98,3514.95,-1405.0,-210.0,-380.0,-380.0,329.99,5090.06,5540.05,2025.06,-474.96
2026-09-01 10:00:00+00:00,20219.95,8149.98,3574.94,-1335.0,-210.0,-380.0,-380.0,329.99,5040.05,5490.05,2035.04,-1044.97
2026-09-01 11:00:00+00:00,20219.95,8149.98,3574.95,-1335.0,-210.0,-380.0,-380.0,329.99,5160.06,5610.05,2155.06,-1104.95
2026-09-01 12:00:00+00:00,19959.96,7889.98,3674.94,-1335.0,-210.0,-380.0,-380.0,329.99,5240.06,5690.06,2155.06,-824.96
2026-09-01 13:00:00+00:00,19739.96,7669.98,3569.95,-1464.99,-210.0,-380.0,-380.0,329.99,5310.05,5810.05,2395.05,-824.96
2026-09-01 14:00:00+00:00,19854.96,7809.98,4069.95,-1335.0,-210.0,-380.0,-380.0,329.99,5030.06,5850.05,2805.05,-334.96
2026-09-01 15:00:00+00:00,20099.96,7584.98,3224.94,-1814.99,-210.0,-380.0,-380.0,329.99,5440.06,6260.06,3145.06,-1084.97
2026-09-01 16:00:00+00:00,19579.96,7229.97,2354.93,-1975.0,-235.0,-380.0,-380.0,329.99,5430.06,6250.05,2985.06,-914.96
2026-09-01 17:00:00+00:00,19099.96,6749.97,2189.93,-1975.0,-155.0,-405.0,-405.0,304.99,5460.06,6280.05,2935.05,-894.96
2026-09-01 18:00:00+00:00,18509.96,6159.98,2079.93,-1975.0,145.0,-105.0,-105.0,604.99,5520.05,6340.05,2695.05,-714.96
2026-09-01 19:00:00+00:00,18799.96,6449.97,2229.93,-2195.0,225.0,-25.0,-25.0,684.99,5595.05,6490.05,2765.05,-934.96
2026-09-01 20:00:00+00:00,18679.96,6379.97,2059.94,-2195.0,325.0,75.0,75.0,784.99,5545.06,6545.05,2675.05,-1314.95
2026-09-01 22:00:00+00:00,18559.94,6239.97,1819.92,-2195.0,285.0,35.0,35.0,744.99,5465.05,6465.04,2435.03,-1234.94
2026-09-01 23:00:00+00:00,18679.95,6359.98,2049.93,-2195.0,225.0,-25.0,-25.0,684.99,5635.06,6635.04,2495.03,-1404.94
2026-09-02 00:00:00+00:00,17899.95,5579.98,2779.92,-2585.0,615.0,365.0,365.0,1074.99,6755.05,7755.04,2105.03,-1794.94
2026-09-02 01:00:00+00:00,18459.95,6139.98,2489.92,-2305.0,335.0,85.0,85.0,794.99,6245.05,7245.04,2385.03,-1514.94
2026-09-02 02:00:00+00:00,18014.95,5719.98,2489.92,-2195.0,545.0,295.0,295.0,1004.99,5145.05,6195.04,2175.03,-964.94
2026-09-02 03:00:00+00:00,18654.96,5784.98,2454.92,-2195.0,494.99,244.99,244.99,954.99,6275.06,6675.04,2105.04,-1599.94
2026-09-02 04:00:00+00:00,18554.95,5684.98,2594.92,-2175.0,475.0,225.0,225.0,934.99,6015.06,6415.04,1845.04,-1579.94
2026-09-02 05:00:00+00:00,18779.96,5934.99,2304.92,-2195.0,494.99,244.99,244.99,954.99,6575.06,6975.04,2405.04,-1599.94
2026-09-02 06:00:00+00:00,18779.96,5934.99,2304.92,-2195.0,494.99,244.99,244.99,954.99,6575.06,6975.04,2405.04,-1599.94
2026-09-02 07:00:00+00:00,18859.95,5689.97,2534.92,-2195.0,455.0,205.0,205.0,914.99,6035.05,6435.04,1865.03,-1699.95
2026-09-02 08:00:00+00:00,19209.94,6039.97,2744.92,-2174.99,315.0,65.0,65.0,774.99,6010.04,6535.03,2145.02,-1579.95
2026-09-02 09:00:00+00:00,18829.95,5659.97,2494.92,-2174.99,445.0,195.0,195.0,904.99,6020.04,6580.03,2265.02,-1659.95
2026-09-02 10:00:00+00:00,18999.96,5879.98,2564.93,-2174.99,295.0,45.0,45.0,754.99,5790.04,6350.03,2225.02,-1769.96
2026-09-02 11:00:00+00:00,20309.96,6299.98,2779.92,-1935.0,30.0,-195.0,-195.0,514.99,5550.04,6110.03,1105.02,-2009.96
2026-09-02 12:00:00+00:00,20144.96,5369.97,2684.92,-2004.99,5.0,-150.0,-150.0,559.99,5620.04,6180.03,1905.02,-1939.96
2026-09-02 13:00:00+00:00,20109.97,5734.98,1969.94,-2174.99,-220.01,-175.0,-175.0,534.99,5420.04,5980.03,1495.03,-1409.97
2026-09-02 14:00:00+00:00,20429.96,5679.97,1969.94,-2174.99,-245.01,200.0,200.0,909.99,5720.04,6380.03,2265.02,-1779.95
2026-09-02 15:00:00+00:00,20559.95,5519.97,2989.96,-2195.0,-165.0,175.0,175.0,884.99,6230.03,6470.03,1935.02,-1694.96
2026-09-02 16:00:00+00:00,20549.95,5509.97,2989.96,-2195.0,-55.0,285.0,285.0,994.99,6010.03,6250.03,1725.03,-1854.95
2026-09-02 17:00:00+00:00,20439.95,5399.97,2879.95,-2195.0,-245.01,95.0,95.0,804.99,6190.03,6430.03,2015.03,-1614.96
2026-09-02 18:00:00+00:00,20439.95,5399.97,2879.95,-2195.0,-105.01,235.0,235.0,944.99,5690.03,5930.03,1515.03,-1934.96
2026-09-02 19:00:00+00:00,20669.96,5629.97,3109.96,-2335.0,-215.01,125.0,125.0,834.99,6010.03,6250.03,1605.02,-1834.96
2026-09-02 20:00:00+00:00,20569.96,5529.97,3009.96,-2455.0,-95.0,245.0,245.0,954.99,6330.03,6770.03,2225.02,-1954.96
2026-09-02 22:00:00+00:00,20769.96,5729.98,3209.96,-2335.0,-75.01,265.0,265.0,974.99,7050.05,6170.02,1470.01,-1879.96
2026-09-02 23:00:00+00:00,20769.96,5729.98,3164.96,-2355.0,-55.0,285.0,285.0,994.99,6610.03,5730.01,1029.99,-1879.96
2026-09-03 00:00:00+00:00,20769.96,5729.98,3164.96,-2355.0,-55.0,285.0,285.0,994.99,6700.03,5820.01,1120.0,-1879.96
2026-09-03 01:00:00+00:00,20769.96,5729.98,3164.96,-2335.0,4.99,345.0,345.0,1054.99,7080.03,6200.01,1500.0,-2119.95
2026-09-03 02:00:00+00:00,20769.96,5729.98,3164.96,-2324.99,-5.01,335.0,335.0,1044.99,6780.04,5900.01,1200.0,-2119.95
2026-09-03 03:00:00+00:00,20769.96,5729.98,3164.96,-2335.0,4.99,345.0,345.0,1054.99,6585.04,5830.01,1130.0,-2119.95
2026-09-03 04:00:00+00:00,20769.96,5729.98,3164.96,-2185.0,-145.01,195.0,195.0,904.99,6735.04,5805.01,1105.0,-2119.95
2026-09-03 05:00:00+00:00,20769.96,5729.98,3164.96,-2335.0,-105.01,235.0,235.0,944.99,6685.03,5655.01,1060.0,-1759.96
2026-09-03 06:00:00+00:00,20769.96,5729.98,3164.96,-2375.0,-65.01,275.0,275.0,984.99,6515.04,5485.02,930.01,-1759.96
2026-09-03 07:00:00+00:00,20769.96,5729.98,3164.96,-2335.0,25.0,365.0,365.0,1074.99,6325.04,5295.02,830.02,-1989.95
2026-09-03 08:00:00+00:00,20059.96,5069.97,3164.96,-2945.0,335.0,675.0,675.0,1384.99,6085.04,5055.01,900.01,-2059.95
2026-09-03 09:00:00+00:00,19099.96,4459.97,5609.96,-2945.0,674.99,1015.0,1015.0,1724.99,5435.03,4505.01,690.0,-1789.96
2026-09-03 10:00:00+00:00,18559.96,4019.97,5354.95,-2945.0,995.0,1335.0,1335.0,2045.0,4865.04,4145.02,675.01,-1384.95
2026-09-03 11:00:00+00:00,18439.98,3889.98,5224.96,-2945.0,1054.99,1394.99,1394.99,2104.99,4865.04,4145.02,675.01,-1394.95
2026-09-03 12:00:00+00:00,21464.94,5939.95,5184.93,-2564.99,645.0,985.01,985.01,1695.0,7145.03,6425.01,2955.0,-1044.95
2026-09-03 13:00:00+00:00,21404.96,6024.97,5129.95,-2564.99,345.0,685.0,685.0,1394.99,6755.04,6035.02,2565.01,-1134.95
2026-09-03 14:00:00+00:00,20964.96,5274.96,4474.95,-2585.0,525.0,865.0,865.0,1574.99,6445.03,5725.01,2255.01,-1064.95
2026-09-03 15:00:00+00:00,21949.96,6284.96,5339.94,-2585.0,220.0,585.0,585.0,1295.0,7665.02,7095.0,3624.99,-1034.94
2026-09-03 16:00:00+00:00,21739.96,6029.97,5194.95,-2624.99,195.0,600.0,600.0,1309.99,7495.02,7015.0,3545.0,-1124.94
2026-09-03 17:00:00+00:00,22429.96,6769.96,5194.95,-2585.0,-30.0,575.0,575.0,1284.99,7495.02,7015.0,3545.0,-1209.94
2026-09-03 18:00:00+00:00,22429.96,6119.96,5194.95,-2585.0,-30.0,670.0,670.0,1379.99,7495.02,7015.0,3545.0,-1559.94
2026-09-03 19:00:00+00:00,22429.96,6119.96,5194.95,-2585.0,-30.0,670.0,670.0,1379.99,7495.02,7015.0,3545.0,-1409.96
2026-09-03 20:00:00+00:00,22429.96,6119.96,5194.95,-2545.0,-30.0,670.0,670.0,1379.99,7495.02,7015.0,3545.0,-1449.95
2026-09-03 22:00:00+00:00,22429.96,6119.96,5194.95,-2585.0,-30.0,670.0,670.0,1379.99,7420.02,7015.0,3545.0,-1359.94
2026-09-03 23:00:00+00:00,22429.96,6119.96,5194.95,-2604.99,-30.0,670.0,670.0,1379.99,7520.03,6920.0,3450.0,-1389.95
2026-09-04 00:00:00+00:00,22429.96,6119.96,5194.95,-2615.0,-30.0,670.0,670.0,1379.99,7010.03,6410.0,2940.0,-1399.95
2026-09-04 01:00:00+00:00,22429.96,6119.96,5194.95,-2585.0,-30.0,670.0,670.0,1379.99,8250.0,7649.98,4179.97,-1864.95
2026-09-04 02:00:00+00:00,22429.96,6119.96,5134.95,-2604.99,-30.0,670.0,670.0,1379.99,7670.01,7069.98,3599.98,-1884.95
2026-09-04 03:00:00+00:00,22429.96,6119.96,5134.95,-2585.0,-30.0,670.0,670.0,1379.99,7630.0,7029.97,3559.97,-1604.95
2026-09-04 04:00:00+00:00,22429.96,6119.96,5134.95,-2524.99,-30.0,670.0,670.0,1379.99,6990.01,6389.98,2919.98,-1544.95
2026-09-04 05:00:00+00:00,22429.96,6119.96,5134.95,-2585.0,-30.0,670.0,670.0,1379.99,7590.01,6989.99,3519.98,-1519.96
2026-09-04 06:00:00+00:00,22429.96,6119.96,5774.95,-2534.99,-30.0,670.0,670.0,1379.99,8480.01,7879.98,4409.98,-1369.96
2026-09-04 07:00:00+00:00,22429.96,6119.96,6054.94,-2534.99,-30.0,670.0,670.0,1379.99,8350.0,7749.97,4279.97,-1279.96
2026-09-04 08:00:00+00:00,22429.96,6119.96,5329.94,-2505.0,-30.0,670.0,670.0,1379.99,8070.0,7469.98,3999.97,-1679.97
2026-09-04 09:00:00+00:00,22429.96,6119.96,5164.93,-2505.0,-30.0,670.0,670.0,1379.99,8769.99,8169.97,4699.96,-1439.96
2026-09-04 10:00:00+00:00,22379.96,6119.96,4634.92,-1954.99,-30.0,670.0,670.0,1379.99,8365.0,7839.97,4369.97,-1149.95
2026-09-04 11:00:00+00:00,22869.96,6039.96,5034.93,-1954.99,-30.0,670.0,670.0,1379.99,9195.0,7874.96,4404.96,-1724.95
2026-09-04 12:00:00+00:00,22844.96,5569.96,4344.93,-1954.99,-30.0,670.0,670.0,1379.99,8325.01,7004.97,3534.97,-2594.94
2026-09-04 13:00:00+00:00,22904.96,5534.96,4364.93,-1905.0,-30.0,670.0,670.0,1379.99,8485.01,7164.97,3694.96,-2434.94
2026-09-04 14:00:00+00:00,23604.95,6234.95,5354.92,-2214.99,-30.0,670.0,670.0,1379.99,8815.0,7494.96,4024.96,-2104.95
2026-09-04 15:00:00+00:00,23599.95,6304.95,5574.92,-2214.99,-30.0,670.0,670.0,1379.99,8925.0,7604.96,4134.95,-1994.96
2026-09-04 16:00:00+00:00,23849.94,6249.95,5399.92,-2214.99,-30.0,670.0,670.0,1379.99,8920.01,7774.97,4304.97,-1824.94
2026-09-04 17:00:00+00:00,23849.94,6249.95,5399.92,-2214.99,-30.0,670.0,670.0,1379.99,8890.01,7619.97,4149.97,-2014.94
2026-09-04 18:00:00+00:00,23849.94,6249.95,5399.92,-2214.99,-30.0,670.0,670.0,1379.99,9100.02,7829.98,4359.97,-1814.93
2026-09-04 19:00:00+00:00,23799.94,6249.95,5399.92,-2264.99,-30.0,670.0,670.0,1379.99,9360.01,8089.97,4619.97,-1814.93
2026-09-04 20:00:00+00:00,24049.94,6189.95,5339.92,-2234.99,-30.0,670.0,670.0,1379.99,9110.01,7839.97,4369.97,-1814.93
2026-09-08 04:00:00+00:00,24259.95,6449.96,5599.92,-2214.99,-30.0,670.0,670.0,1379.99,8850.01,7579.97,4109.96,-2304.94
2026-09-08 05:00:00+00:00,24259.95,6219.96,5429.92,-2214.99,-30.0,670.0,670.0,1379.99,8995.01,7749.97,4279.96,-2094.95
2026-09-08 06:00:00+00:00,24259.95,6219.96,5599.92,-2214.99,-30.0,670.0,670.0,1379.99,8755.01,7494.97,4024.97,-2719.94
2026-09-08 07:00:00+00:00,24399.95,6409.96,6364.92,-2824.99,-30.0,670.0,670.0,1379.99,8945.01,7414.97,3944.97,-2839.94
2026-09-08 08:00:00+00:00,24399.95,6089.96,5779.93,-2824.99,-30.0,670.0,670.0,1334.99,8705.01,7174.97,3704.97,-2749.94
2026-09-08 09:00:00+00:00,24349.95,6089.96,5564.92,-2824.99,-30.0,670.0,670.0,1334.99,8595.01,7064.97,3594.97,-2809.94
2026-09-08 10:00:00+00:00,24499.95,6009.96,5434.92,-2824.99,-30.0,670.0,670.0,1334.99,8675.02,7144.97,3674.97,-2799.94
2026-09-08 11:00:00+00:00,24499.95,6009.96,5564.92,-2824.99,-30.0,670.0,670.0,1334.99,8620.01,7214.97,3744.97,-2809.94
2026-09-08 12:00:00+00:00,24969.95,6529.97,6044.92,-2504.99,-30.0,670.0,670.0,1149.99,8940.01,7529.97,4144.97,-2929.94
2026-09-08 13:00:00+00:00,25069.95,6789.96,5919.93,-2504.99,-30.0,670.0,670.0,1149.99,9200.0,7789.96,4354.95,-2909.95
2026-09-08 14:00:00+00:00,25179.95,6899.96,5919.93,-2504.99,-30.0,670.0,670.0,1149.99,8950.01,7539.97,4154.96,-2999.95
2026-09-08 15:00:00+00:00,24979.95,6699.96,5919.93,-2295.0,-30.0,670.0,670.0,1149.99,9100.0,7689.96,4514.96,-2969.95
2026-09-08 16:00:00+00:00,24979.95,6699.96,5919.93,-2465.0,-30.0,670.0,670.0,1149.99,8779.99,7369.95,4134.94,-3059.96
2026-09-08 17:00:00+00:00,25014.95,6759.96,5919.93,-2745.0,-30.0,670.0,670.0,1149.99,9269.98,7959.94,4864.93,-2969.96
2026-09-08 18:00:00+00:00,24404.95,5924.96,5919.93,-2215.02,-30.0,670.0,670.0,1149.99,9719.98,7469.97,4094.97,-3004.95
2026-09-08 19:00:00+00:00,24524.96,6044.96,5874.93,-1955.02,-55.0,670.0,670.0,1149.99,9629.98,7379.97,4044.97,-2814.94
2026-09-08 20:00:00+00:00,25209.96,6804.96,6574.93,-1615.01,-139.99,645.0,645.0,1124.99,9429.98,7179.97,3694.98,-2644.94
2026-09-08 22:00:00+00:00,25449.97,6819.97,6469.93,-1995.02,-139.99,519.99,519.99,999.99,9459.99,7209.98,3364.98,-2834.94
2026-09-08 23:00:00+00:00,25449.97,6599.97,6249.94,-1945.01,-139.99,519.99,519.99,999.99,9509.99,7259.98,3364.98,-2784.94
2026-09-09 00:00:00+00:00,25449.97,6599.97,6249.94,-1815.02,-139.99,519.99,519.99,999.99,9369.99,7169.98,3364.98,-2744.94
2026-09-09 01:00:00+00:00,25449.97,6599.97,6249.94,-1815.02,-139.99,519.99,519.99,999.99,9369.99,7119.98,3279.98,-2924.94
2026-09-09 02:00:00+00:00,25449.97,6599.97,6249.94,-2175.02,-139.99,519.99,519.99,999.99,9189.99,6939.98,3099.98,-2544.95
2026-09-09 03:00:00+00:00,25449.97,6599.97,6249.94,-1875.02,-139.99,519.99,519.99,999.99,9339.99,7089.98,3249.98,-2874.95
2026-09-09 04:00:00+00:00,25449.97,6599.97,6249.94,-1985.02,-139.99,519.99,519.99,999.99,9209.98,6959.97,3119.98,-2874.95
2026-09-09 05:00:00+00:00,25449.97,6599.97,6249.94,-1935.02,-139.99,519.99,519.99,999.99,9309.99,7059.98,3219.98,-2954.95
2026-09-09 06:00:00+00:00,25449.97,6599.97,6249.94,-2075.02,-139.99,519.99,519.99,999.99,9239.99,6989.98,3149.98,-2754.95
2026-09-09 07:00:00+00:00,25159.97,6309.97,6204.94,-1555.02,-139.99,519.99,519.99,999.99,9859.98,7609.98,4289.97,-3144.94
2026-09-09 08:00:00+00:00,25129.97,6279.97,5709.94,-2225.0,-139.99,519.99,519.99,999.99,9329.99,7079.98,3170.01,-2944.96
2026-09-09 09:00:00+00:00,24709.96,5859.97,5689.95,-1835.03,-139.99,519.99,519.99,999.99,9559.98,7309.97,3649.97,-3124.93
2026-09-09 10:00:00+00:00,24709.96,5859.97,5889.94,-2315.01,-139.99,519.99,519.99,999.99,9359.99,7109.98,3050.01,-2644.96
2026-09-09 11:00:00+00:00,24709.96,5859.97,5759.95,-1945.02,-139.99,519.99,519.99,999.99,9509.99,7259.98,3479.98,-2994.94
2026-09-09 12:00:00+00:00,24709.96,5859.97,5679.95,-1865.02,-139.99,519.99,519.99,999.99,9524.98,7399.98,3779.98,-3054.94
2026-09-09 13:00:00+00:00,24709.96,5859.97,5679.95,-1865.02,-139.99,519.99,519.99,999.99,9414.98,7444.98,3814.98,-2934.94
2026-09-09 14:00:00+00:00,24684.96,5859.97,5654.95,-1855.02,-139.99,519.99,519.99,999.99,9904.98,7934.98,3734.98,-3004.95
2026-09-09 15:00:00+00:00,24669.96,5834.97,5629.94,-1635.02,-139.99,519.99,519.99,999.99,9774.98,7804.98,3634.98,-3214.95
2026-09-09 16:00:00+00:00,25124.95,5949.97,6024.94,-2295.01,-139.99,519.99,519.99,999.99,9604.98,7634.97,3964.98,-2664.96
2026-09-09 17:00:00+00:00,25624.95,6234.98,6249.95,-2085.02,-139.99,519.99,519.99,999.99,10084.98,8114.98,3734.98,-3054.95
2026-09-09 18:00:00+00:00,25044.95,6064.98,5949.94,-2065.03,-139.99,519.99,519.99,999.99,10404.99,8584.99,3724.99,-2994.94
2026-09-09 19:00:00+00:00,25484.96,5974.98,5859.94,-1945.02,-139.99,519.99,519.99,999.99,10765.0,8214.98,3454.98,-3129.95
2026-09-09 20:00:00+00:00,25524.96,6014.98,5864.94,-2225.02,-164.99,519.99,519.99,999.99,10765.0,8214.98,3454.98,-3029.95
2026-09-09 22:00:00+00:00,25479.97,5994.98,5474.94,-2205.02,-170.0,494.99,494.99,974.99,10765.0,8214.98,3454.98,-3009.95
2026-09-09 23:00:00+00:00,25479.96,6129.97,5814.92,-2375.01,-269.99,290.0,290.0,805.0,10765.0,8214.98,3454.98,-3179.94
2026-09-10 00:00:00+00:00,26239.97,6329.98,5574.93,-2125.03,-269.99,-30.01,-30.01,899.99,10765.0,8214.98,3454.98,-3109.94
2026-09-10 01:00:00+00:00,26219.97,6309.98,5539.93,-2105.02,-269.99,-30.01,-30.01,899.99,10690.0,8214.98,3454.98,-3119.95
2026-09-10 02:00:00+00:00,26029.97,6169.98,5589.92,-1965.02,-269.99,-30.01,-30.01,899.99,10760.0,8129.98,3369.98,-3274.94
2026-09-10 03:00:00+00:00,26154.97,6429.97,5349.94,-2285.02,-269.99,-30.01,-30.01,899.99,10600.0,7969.98,3209.99,-3434.94
2026-09-10 04:00:00+00:00,26204.96,6424.97,5339.93,-2245.02,-269.99,-30.01,-30.01,899.99,10620.0,7989.98,3229.98,-3414.94
2026-09-10 05:00:00+00:00,26174.97,6444.97,5309.94,-2385.02,-269.99,-30.01,-30.01,899.99,10550.0,7919.98,3159.98,-3484.94
2026-09-10 06:00:00+00:00,26214.95,6424.97,5324.93,-2465.02,-269.99,-30.01,-30.01,899.99,10510.0,7879.98,3119.98,-3524.94
2026-09-10 07:00:00+00:00,26164.96,6424.97,5454.93,-1945.02,-269.99,-30.01,-30.01,899.99,10695.0,8139.98,3379.98,-3264.94
2026-09-10 08:00:00+00:00,25919.96,6124.98,5374.94,-1545.01,-269.99,-30.01,-30.01,899.99,10715.0,8244.99,3484.99,-3159.94
2026-09-10 09:00:00+00:00,25999.96,6079.97,5314.94,-1725.02,-269.99,-30.01,-30.01,899.99,10815.0,8344.99,3584.99,-3059.93
2026-09-10 10:00:00+00:00,26049.96,6129.98,5364.94,-1705.01,-269.99,-30.01,-30.01,899.99,10745.0,8274.99,3514.99,-3129.94
2026-09-10 11:00:00+00:00,25629.97,5709.98,4944.94,-1125.01,-269.99,-30.01,-30.01,899.99,10584.99,8114.98,3354.98,-3289.94
2026-09-10 12:00:00+00:00,24619.96,4699.98,3934.94,-1575.03,-269.99,-30.01,-30.01,899.99,10045.01,7575.0,2815.0,-3389.92
2026-09-10 13:00:00+00:00,26279.96,6409.98,5644.94,-1515.03,-269.99,-30.01,-30.01,854.99,10985.0,8664.98,3904.99,-3169.93
2026-09-10 14:00:00+00:00,26754.97,6849.99,6084.95,-1455.01,-294.99,-30.01,-30.01,929.99,11075.0,8304.99,3639.99,-3159.94
2026-09-10 15:00:00+00:00,24914.97,3674.99,2909.95,-915.02,-125.0,-55.01,-55.01,904.99,11345.0,8574.99,3540.0,-3259.93
2026-09-10 16:00:00+00:00,25719.96,4984.98,4219.95,-995.02,-114.99,-45.0,-45.0,914.99,11305.0,8534.99,3590.0,-3209.93
2026-09-10 17:00:00+00:00,29274.97,7649.99,6929.95,-985.03,-119.99,-25.0,-25.0,934.99,11364.99,8594.99,3550.01,-3249.92
2026-09-10 18:00:00+00:00,29299.97,10694.99,9609.96,384.99,120.02,-40.0,-40.0,954.99,11585.0,8815.0,3349.99,-3449.94
2026-09-10 19:00:00+00:00,30429.95,9429.99,7779.96,404.99,290.01,129.99,129.99,1079.98,11520.0,8825.0,3499.99,-3299.94
2026-09-10 20:00:00+00:00,31114.98,10190.03,7584.96,-305.03,650.01,489.99,489.99,1439.98,11910.0,8999.99,3135.0,-3584.93
2026-09-10 22:00:00+00:00,31714.95,10484.98,7944.95,-475.02,570.01,409.99,409.99,1359.98,12140.0,9229.98,3534.98,-3154.95
2026-09-10 23:00:00+00:00,31904.96,10575.01,6874.96,-575.04,405.01,269.99,269.99,1219.98,12050.01,9140.0,3495.01,-3144.92
2026-09-11 00:00:00+00:00,32054.97,10775.02,7749.96,-615.02,390.01,154.99,154.99,1139.98,12090.01,9180.0,3625.0,-2954.93
2026-09-11 01:00:00+00:00,32489.97,10605.01,8779.98,-615.01,455.01,209.99,209.99,1229.99,12180.01,9269.99,3714.99,-2864.95
2026-09-11 02:00:00+00:00,32719.98,9710.01,7964.98,-525.03,450.02,284.98,284.98,1339.98,12060.01,9199.99,3555.0,-3024.93
2026-09-11 03:00:00+00:00,32639.98,9550.0,7884.98,-415.02,620.02,309.98,309.98,1509.98,12010.0,9269.99,3430.0,-3349.95
2026-09-11 04:00:00+00:00,32839.98,9800.0,8134.98,-475.02,320.02,9.98,9.98,1209.98,11830.0,9090.0,3250.0,-2839.94
2026-09-11 05:00:00+00:00,33439.97,9770.0,8104.98,-525.02,230.02,-80.02,-80.02,1119.99,11840.0,9100.0,3260.0,-3429.94
2026-09-11 06:00:00+00:00,34279.97,10910.0,9244.98,-1065.03,-214.97,-500.02,-500.02,699.99,11960.01,9220.01,3380.01,-3579.93
2026-09-11 07:00:00+00:00,34629.98,11360.01,9589.99,-755.02,-214.98,-495.03,-495.03,704.98,11920.0,9180.0,3340.0,-4109.95
2026-09-11 08:00:00+00:00,37384.97,11580.01,9589.99,-1355.03,-424.98,-705.02,-705.02,459.98,11935.01,9270.0,3430.0,-4319.95
2026-09-11 09:00:00+00:00,37334.97,12315.0,9589.99,-915.03,-274.98,-555.02,-555.02,794.98,11545.01,9085.0,3265.0,-4229.95
2026-09-11 10:00:00+00:00,37334.97,12315.0,9589.99,-1515.02,-599.98,-855.03,-855.03,494.98,11245.0,8785.0,2965.01,-4529.94
2026-09-11 11:00:00+00:00,37334.97,12315.0,9589.99,-1315.02,-599.98,-810.03,-810.03,539.98,11315.0,8855.0,3065.01,-4429.94
2026-09-11 12:00:00+00:00,37334.97,12315.0,9589.99,-1155.02,-624.98,-810.03,-810.03,539.98,11475.01,9015.0,3145.01,-4349.94
2026-09-11 13:00:00+00:00,37334.97,12315.0,9589.99,-1295.02,-614.99,-835.03,-835.03,514.98,11485.0,9025.0,3075.01,-4419.94
2026-09-11 14:00:00+00:00,37334.97,12315.0,9589.99,-535.02,-434.99,-655.03,-655.03,694.98,11565.0,9205.0,3455.01,-4039.94
2026-09-11 15:00:00+00:00,37334.97,12315.0,9589.99,-815.02,-404.99,-625.03,-625.03,689.98,11875.0,9115.0,3135.01,-4359.94
2026-09-11 16:00:00+00:00,37284.97,12315.0,9589.99,-875.02,-254.99,-475.03,-475.03,774.98,12085.0,9325.0,3345.01,-4149.94
2026-09-11 17:00:00+00:00,37324.97,12255.0,9529.99,-1235.02,-499.98,-695.02,-695.02,554.99,12225.0,9465.0,3485.01,-4009.94
2026-09-11 18:00:00+00:00,37324.96,12255.0,9529.98,-1275.03,-524.98,-740.02,-740.02,509.99,12245.02,9485.01,3505.03,-3989.92
2026-09-11 19:00:00+00:00,37344.96,12275.0,9549.99,-1215.03,-539.99,-765.02,-765.02,484.99,12195.01,9435.01,3455.02,-4039.93
2026-09-11 20:00:00+00:00,37304.96,12235.0,9509.99,-1355.03,-539.99,-820.01,-820.01,429.99,12255.01,9545.01,3565.02,-3929.93
2026-09-13 22:00:00+00:00,37379.96,12105.0,9414.99,-585.03,-564.99,-820.01,-820.01,384.99,11935.01,9215.0,2955.02,-3489.93
2026-09-13 23:00:00+00:00,37639.96,12310.0,9419.99,-985.02,-594.99,-845.01,-845.01,359.99,12535.0,9814.99,2585.02,-3859.92
2026-09-14 00:00:00+00:00,37319.96,11990.01,9324.99,-445.03,-534.99,-785.02,-785.02,419.99,11795.01,9075.0,3065.02,-3379.93
2026-09-14 01:00:00+00:00,37839.95,12559.99,9204.98,-715.02,-574.98,-825.01,-825.01,825.0,12685.0,9964.99,2705.02,-4229.93
2026-09-14 02:00:00+00:00,37704.95,12089.99,9094.98,-325.02,-324.98,-575.01,-575.01,1075.0,12015.0,9294.99,3235.02,-3809.93
2026-09-14 03:00:00+00:00,37464.96,11635.0,8639.99,-505.02,-204.99,-455.02,-455.02,1194.99,12370.0,9875.0,2755.02,-4509.93
2026-09-14 04:00:00+00:00,37804.97,11975.01,8980.0,-525.01,-374.99,-625.02,-625.02,1024.99,12950.02,9159.98,2790.04,-4394.91
2026-09-14 05:00:00+00:00,37994.96,12215.0,9219.99,-425.02,-494.99,-745.02,-745.02,904.99,13550.0,9759.97,3390.02,-4224.92
2026-09-14 06:00:00+00:00,38274.95,12115.0,9139.99,-285.02,-509.99,-735.01,-735.01,914.99,13370.0,9579.97,3210.02,-3899.92
2026-09-14 07:00:00+00:00,38784.94,12535.0,9299.99,-405.02,-669.98,-810.01,-810.01,839.99,12890.01,9099.98,2730.03,-4379.91
2026-09-14 08:00:00+00:00,38474.95,12055.0,8989.99,-65.02,-359.98,-500.02,-500.02,1149.99,13010.01,9219.97,2850.03,-4349.91
2026-09-14 09:00:00+00:00,38844.95,12425.0,9359.99,-455.02,-754.99,-870.02,-870.02,779.99,12785.01,9069.97,2700.03,-4409.92
2026-09-14 10:00:00+00:00,38634.94,12215.0,9149.98,-265.02,-759.98,-695.01,-695.01,954.99,13175.02,9424.98,3055.03,-4034.91
2026-09-14 11:00:00+00:00,38404.95,11985.0,8919.99,-305.02,-784.98,-450.02,-450.02,1199.99,12695.02,8944.98,2575.03,-4564.91
2026-09-14 12:00:00+00:00,37974.95,11655.0,8589.99,-45.02,-584.98,-475.02,-475.02,1174.99,12405.02,8654.98,2285.03,-4764.91
2026-09-14 13:00:00+00:00,37939.95,11475.0,8379.99,174.98,-664.98,-555.02,-555.02,1094.99,11695.01,7944.97,1575.02,-4684.91
2026-09-14 14:00:00+00:00,38259.96,11795.01,8779.99,-305.02,-824.98,-715.02,-715.02,934.98,11695.01,7944.97,1575.02,-4524.91
2026-09-14 15:00:00+00:00,42204.94,14300.0,13509.99,-375.03,-969.98,-835.02,-835.02,814.99,14050.0,10474.96,4105.01,-3674.92
2026-09-14 16:00:00+00:00,44444.95,17945.0,18714.98,-755.02,-969.98,-1160.02,-1160.02,489.99,11150.0,12489.97,6120.02,-3399.92
2026-09-14 17:00:00+00:00,45284.95,17114.99,16189.98,-1215.02,-969.98,-1160.02,-1160.02,489.99,12930.01,14269.97,7900.02,-3399.92
2026-09-14 18:00:00+00:00,45284.95,17114.99,16189.98,-1475.02,-969.98,-1160.02,-1160.02,489.99,12930.01,14269.97,7900.02,-3399.92
2026-09-14 19:00:00+00:00,45284.95,17114.99,16104.98,-1255.03,-969.98,-1160.02,-1160.02,489.99,12930.01,14269.97,7900.02,-3399.92
2026-09-14 20:00:00+00:00,46044.95,18024.99,11844.97,-885.02,-969.98,-1160.02,-1160.02,489.99,15560.01,16899.97,10530.02,-4294.92
2026-09-14 22:00:00+00:00,46044.95,18034.98,11019.96,-1005.02,-969.98,-1160.02,-1160.02,489.99,15840.0,17379.96,11010.02,-4294.92
2026-09-14 23:00:00+00:00,46044.95,18034.98,11004.97,-685.02,-969.98,-1160.02,-1160.02,489.99,16259.98,16669.98,10300.03,-4389.92
2026-09-15 00:00:00+00:00,46044.95,18034.98,11064.97,-665.03,-969.98,-1160.02,-1160.02,489.99,16219.98,16629.97,10260.02,-4419.93
2026-09-15 01:00:00+00:00,46044.95,18034.98,11234.96,-685.02,-969.98,-1160.02,-1160.02,489.99,16169.98,16579.97,10210.03,-3839.91
2026-09-15 02:00:00+00:00,45994.95,18034.98,11339.97,-955.02,-969.98,-1160.02,-1160.02,489.99,15809.99,16219.99,9850.04,-4469.92
2026-09-15 03:00:00+00:00,46114.95,17974.98,11549.97,-765.02,-969.98,-1160.02,-1160.02,489.99,16150.01,16560.0,10190.05,-4259.92
2026-09-15 04:00:00+00:00,46114.95,17964.97,11579.97,-685.03,-969.98,-1160.02,-1160.02,489.99,15934.98,16419.98,10050.03,-4169.94
2026-09-15 05:00:00+00:00,46114.95,17964.97,11859.97,-325.03,-969.98,-1160.02,-1160.02,489.99,16894.98,16964.98,10595.03,-3994.94
2026-09-15 06:00:00+00:00,46114.95,17964.97,11439.98,-725.02,-969.98,-1160.02,-1160.02,489.99,16894.98,16964.98,10595.03,-4034.94
2026-09-15 07:00:00+00:00,46114.95,17964.97,11439.98,-705.02,-969.98,-1160.02,-1160.02,489.99,16894.98,16964.98,10595.03,-4054.93
2026-09-15 08:00:00+00:00,46114.95,17964.97,11439.98,-885.03,-969.98,-1160.02,-1160.02,489.99,16894.98,16964.98,10595.03,-4094.93
2026-09-15 09:00:00+00:00,46114.95,17964.97,11439.98,-865.02,-969.98,-1160.02,-1160.02,489.99,16894.98,16964.98,10595.03,-4104.93
2026-09-15 10:00:00+00:00,46114.95,17964.97,11439.98,-1005.02,-969.98,-1160.02,-1160.02,489.99,16965.0,17185.0,10815.05,-4764.92
2026-09-15 11:00:00+00:00,46114.95,17964.97,11439.98,-1045.04,-969.98,-1160.02,-1160.02,489.99,16855.02,17534.98,11165.03,-5039.94
2026-09-15 12:00:00+00:00,46114.95,17964.97,11439.98,-1085.03,-969.98,-1160.02,-1160.02,489.99,17465.02,18144.98,11775.03,-4364.92
2026-09-15 13:00:00+00:00,46114.95,17964.97,11439.98,-655.03,-969.98,-1160.02,-1160.02,489.99,16985.03,17664.98,11295.03,-4844.91
2026-09-15 14:00:00+00:00,46114.95,17964.97,11379.98,-655.02,-969.98,-1160.02,-1160.02,489.99,18015.0,18694.96,12325.01,-3814.94
2026-09-15 15:00:00+00:00,46114.95,17964.97,11339.98,-765.02,-969.98,-1160.02,-1160.02,489.99,17575.0,18254.95,11885.01,-4254.94
2026-09-15 16:00:00+00:00,46114.95,17964.97,11369.99,-705.03,-969.98,-1160.02,-1160.02,489.99,17565.02,18394.98,12025.03,-4114.92
2026-09-15 17:00:00+00:00,46114.95,17964.97,11404.98,-545.02,-969.98,-1160.02,-1160.02,489.99,17335.03,18414.96,12045.02,-4129.93
2026-09-15 18:00:00+00:00,46064.95,17964.97,11509.98,-825.02,-969.98,-1160.02,-1160.02,489.99,17975.04,19054.97,12685.02,-4169.92
2026-09-15 19:00:00+00:00,46124.93,17904.97,11250.0,-555.03,-969.98,-1160.02,-1160.02,489.99,17475.02,18554.95,12185.0,-3999.96
2026-09-15 20:00:00+00:00,46214.93,18044.97,11090.0,-475.02,-969.98,-1160.02,-1160.02,489.99,17705.02,18784.95,12415.0,-3689.95
2026-09-15 22:00:00+00:00,46214.93,17884.98,11329.98,-525.03,-969.98,-1160.02,-1160.02,489.99,17605.03,18684.96,12315.01,-3689.95
2026-09-15 23:00:00+00:00,46164.93,17884.98,11319.99,-955.02,-969.98,-1160.02,-1160.02,489.99,17210.02,18364.95,11995.01,-3979.94
2026-09-16 00:00:00+00:00,46584.94,17824.98,10844.99,-315.02,-969.98,-1160.02,-1160.02,489.99,18300.04,18969.96,12600.02,-3294.94
2026-09-16 01:00:00+00:00,46284.93,17524.97,10579.97,-1055.03,-969.98,-1160.02,-1160.02,489.99,17060.02,17729.95,11360.0,-3964.95
2026-09-16 02:00:00+00:00,46294.94,17534.98,10419.99,-955.02,-969.98,-1160.02,-1160.02,489.99,17760.03,18429.96,12060.02,-3904.94
2026-09-16 03:00:00+00:00,46204.93,17444.97,9689.98,-595.02,-969.98,-1160.02,-1160.02,489.99,17200.04,17869.96,11500.02,-4674.93
2026-09-16 04:00:00+00:00,46284.94,17524.98,9959.99,-535.02,-969.98,-1160.02,-1160.02,489.99,17450.04,18119.96,11750.02,-4564.93
2026-09-16 05:00:00+00:00,46264.92,17504.96,9649.97,-635.03,-969.98,-1160.02,-1160.02,489.99,16985.02,17729.95,11360.0,-4634.95
2026-09-16 06:00:00+00:00,46314.94,17554.98,9890.0,-915.01,-969.98,-1160.02,-1160.02,489.99,16985.02,17719.97,11350.02,-4809.92
2026-09-16 07:00:00+00:00,46374.93,17614.96,10104.97,-725.02,-969.98,-1160.02,-1160.02,489.99,17355.02,17804.97,11435.02,-4819.95
2026-09-16 08:00:00+00:00,46364.93,17704.97,9514.98,-705.02,-969.98,-1160.02,-1160.02,489.99,16745.02,17194.97,10825.03,-4729.94
2026-09-16 09:00:00+00:00,46834.92,17484.97,10664.96,-805.03,-969.98,-1160.02,-1160.02,489.99,17875.01,18324.95,11955.01,-4589.95
2026-09-16 10:00:00+00:00,46834.92,17594.97,11339.96,-1125.02,-969.98,-1160.02,-1160.02,489.99,18415.01,18864.96,12495.01,-4619.94
2026-09-16 11:00:00+00:00,46834.92,17594.97,11339.96,-985.02,-969.98,-1160.02,-1160.02,489.99,18025.02,18624.97,12255.03,-4629.93
2026-09-16 12:00:00+00:00,46834.92,17594.97,11304.96,-685.03,-969.98,-1160.02,-1160.02,489.99,18135.01,18154.96,11785.01,-4754.94
2026-09-16 13:00:00+00:00,46834.92,17594.97,11364.96,-775.02,-969.98,-1160.02,-1160.02,489.99,18375.02,18394.97,12025.02,-4324.93
2026-09-16 14:00:00+00:00,46709.92,17594.97,10844.96,-1815.03,-994.98,-1160.02,-1160.02,489.99,17775.02,17794.96,11425.02,-4924.93
2026-09-16 15:00:00+00:00,48389.91,17399.97,10719.96,-1215.02,-1199.98,-1185.02,-1185.02,464.99,17755.02,17774.97,11405.02,-4944.93
2026-09-16 16:00:00+00:00,48969.91,18429.96,11839.95,-1155.01,-1199.98,-1420.02,-1420.02,229.99,17605.03,17624.98,11255.03,-5094.92
2026-09-16 17:00:00+00:00,49159.91,17999.96,10944.95,-1015.01,-1199.98,-1420.02,-1420.02,229.99,17745.04,17814.98,11445.04,-4904.91
2026-09-16 18:00:00+00:00,49199.88,18039.93,10984.93,-975.03,-1199.98,-1420.02,-1420.02,229.99,17765.02,17819.95,11450.01,-4924.94
2026-09-16 19:00:00+00:00,49309.9,18149.96,11064.95,-895.02,-1199.98,-1420.02,-1420.02,229.99,17835.03,17889.97,11520.02,-4884.93
2026-09-16 20:00:00+00:00,49189.9,18079.95,10764.94,-1135.02,-1199.98,-1420.02,-1420.02,229.99,17885.03,17939.97,11570.02,-5004.94
2026-09-16 22:00:00+00:00,48879.89,17309.94,10694.94,-945.02,-1199.98,-1420.02,-1420.02,229.99,17435.02,17489.96,11120.01,-4814.93
2026-09-16 23:00:00+00:00,49409.88,17519.94,10914.94,-1115.03,-1199.98,-1420.02,-1420.02,229.99,17695.02,17749.96,11380.01,-4994.94
2026-09-17 00:00:00+00:00,49419.88,17529.93,10774.94,-1255.03,-1199.98,-1420.02,-1420.02,229.99,17750.01,17829.95,11460.0,-5064.94
2026-09-17 01:00:00+00:00,49959.89,18069.94,11234.95,-735.03,-1199.98,-1420.02,-1420.02,229.99,18290.02,18074.96,11715.01,-4864.94
2026-09-17 02:00:00+00:00,49549.89,17709.94,11049.94,-1035.03,-1199.98,-1420.02,-1420.02,229.99,17930.02,17714.96,11565.01,-5224.94
2026-09-17 03:00:00+00:00,49659.89,17869.94,10879.94,-815.03,-1199.98,-1420.02,-1420.02,229.99,18150.02,17934.96,11675.01,-5004.94
2026-09-17 04:00:00+00:00,49439.89,17649.95,10899.94,-1255.02,-1199.98,-1420.02,-1420.02,229.99,17690.04,17474.97,11455.01,-5464.92
2026-09-17 05:00:00+00:00,49379.89,17589.94,10749.94,-1375.03,-1199.98,-1420.02,-1420.02,229.99,17720.03,17504.96,11395.01,-5434.93
2026-09-17 06:00:00+00:00,49034.89,17269.94,10559.94,-2015.03,-1199.98,-1420.02,-1420.02,229.99,17270.02,17054.96,11075.01,-5884.94
2026-09-17 07:00:00+00:00,49014.9,17244.95,10554.94,-2015.01,-1199.98,-1420.02,-1420.02,229.99,17240.04,17024.98,11015.02,-5914.92
2026-09-17 08:00:00+00:00,49104.88,17124.95,10494.93,-1875.03,-1199.98,-1420.02,-1420.02,229.99,17510.02,17294.96,11285.0,-5644.94
2026-09-17 09:00:00+00:00,48924.88,16924.96,10314.93,-2015.01,-1199.98,-1420.02,-1420.02,229.99,17480.05,17264.98,11255.02,-5674.91
2026-09-17 10:00:00+00:00,48334.88,16334.97,9724.94,-2575.02,-1199.98,-1420.02,-1420.02,229.99,17230.02,17014.96,11005.0,-5924.94
2026-09-17 11:00:00+00:00,47994.88,15994.96,9384.93,-2875.03,-1224.98,-1420.02,-1420.02,229.99,17120.02,16904.96,10895.0,-6034.94
2026-09-17 12:00:00+00:00,48134.88,16134.96,9524.93,-2675.03,-1289.98,-1445.02,-1445.02,169.99,17155.02,17064.95,11054.99,-5874.94
2026-09-17 13:00:00+00:00,48614.87,16614.96,10004.93,-2315.03,-1289.98,-1770.01,-1770.01,-370.01,17275.01,16969.96,11055.0,-5874.94
2026-09-17 14:00:00+00:00,49054.88,17054.97,10444.94,-1975.02,-1289.98,-1770.01,-1770.01,-370.01,17375.01,17069.96,11225.01,-5704.93
2026-09-17 15:00:00+00:00,48304.88,16404.96,9084.93,-2015.02,-1314.98,-1770.01,-1770.01,-370.01,17655.01,17214.95,10760.01,-6124.93
2026-09-17 16:00:00+00:00,48884.85,17144.96,10104.93,-1585.03,-1769.97,-1805.01,-1805.01,-370.01,17365.02,16924.96,10880.0,-5694.94
2026-09-17 17:00:00+00:00,49809.85,18094.96,10344.93,-1445.03,-1769.97,-1980.01,-1980.01,-370.01,17385.02,16944.96,11070.0,-5554.94
2026-09-17 18:00:00+00:00,49909.86,18139.97,10294.93,-1395.02,-1769.97,-1980.01,-1980.01,-370.01,17290.01,16924.95,11180.0,-5504.93
2026-09-17 19:00:00+00:00,50014.84,18369.94,10004.93,-1425.03,-1769.97,-1980.01,-1980.01,-370.01,17160.01,16419.96,10749.99,-5699.94
2026-09-17 20:00:00+00:00,49994.84,18044.96,10004.93,-1345.04,-1769.97,-1980.01,-1980.01,-370.01,17080.01,16339.97,10670.0,-5699.94
2026-09-17 22:00:00+00:00,50109.84,18184.95,10004.93,-1495.03,-1769.97,-1980.01,-1980.01,-370.01,17230.0,16489.96,10819.99,-5699.94
2026-09-17 23:00:00+00:00,50109.84,18184.95,10004.93,-1425.03,-1769.97,-1980.01,-1980.01,-370.01,17160.01,16419.96,10749.99,-5699.94
2026-09-18 00:00:00+00:00,50109.84,17969.96,10004.93,-1545.01,-1769.97,-1980.01,-1980.01,-370.01,17310.01,16569.96,10899.99,-5639.95
2026-09-18 01:00:00+00:00,50109.84,17969.96,10004.93,-1505.03,-1769.97,-1980.01,-1980.01,-370.01,17120.0,16429.96,10759.99,-5659.94
2026-09-18 02:00:00+00:00,50109.84,17969.96,10004.93,-1405.01,-1769.97,-1980.01,-1980.01,-370.01,17069.99,16229.96,10559.99,-5829.95
2026-09-18 03:00:00+00:00,50109.84,17969.96,10004.93,-1565.01,-1769.97,-1980.01,-1980.01,-370.01,17149.99,16309.97,10640.0,-5749.95
2026-09-18 04:00:00+00:00,50109.84,17969.96,10004.93,-1645.02,-1769.97,-1980.01,-1980.01,-370.01,17189.99,16349.97,10680.0,-5709.95
2026-09-18 05:00:00+00:00,50109.84,17969.96,10004.93,-1845.03,-1769.97,-1980.01,-1980.01,-370.01,17290.0,16449.97,10780.0,-5609.94
2026-09-18 06:00:00+00:00,50109.84,17969.96,10004.93,-1965.01,-1769.97,-1980.01,-1980.01,-370.01,17349.99,16509.96,10839.99,-5549.95
2026-09-18 07:00:00+00:00,50109.84,17969.96,10004.93,-2165.02,-1819.97,-1980.01,-1980.01,-405.01,17324.99,16609.97,10940.0,-5449.95
2026-09-18 08:00:00+00:00,50084.84,17969.96,10004.93,-2365.02,-1784.97,-2040.01,-2040.01,-365.01,17464.99,16564.97,10860.0,-5529.95
2026-09-18 09:00:00+00:00,50364.84,17934.96,10004.93,-1805.02,-2089.97,-2555.01,-2555.01,-635.01,17394.99,16494.97,11210.0,-5179.95
2026-09-18 10:00:00+00:00,50124.84,17694.96,10004.93,-2285.01,-2089.97,-2350.01,-2350.01,-430.01,17464.99,16564.97,10900.0,-5489.95
2026-09-18 11:00:00+00:00,50519.83,18164.96,10184.93,-1565.03,-2089.97,-2350.01,-2350.01,-465.01,17765.0,16864.98,11249.98,-5379.97
2026-09-18 12:00:00+00:00,50599.85,18179.97,10184.93,-1345.01,-2089.97,-2350.01,-2350.01,-610.02,17684.99,16784.96,11440.01,-5189.94
2026-09-18 13:00:00+00:00,50729.83,18309.95,10354.93,-1485.03,-2089.97,-2350.01,-2350.01,-610.02,17745.0,16994.97,11539.98,-5109.96
2026-09-18 14:00:00+00:00,50899.86,18579.97,10449.94,-1545.02,-2089.97,-2350.01,-2350.01,-610.02,17505.0,16784.96,11505.02,-5449.94
2026-09-18 15:00:00+00:00,51109.87,17849.96,10449.94,-1835.03,-2089.97,-2350.01,-2350.01,-610.02,18185.0,17464.96,10945.0,-5099.94
2026-09-18 16:00:00+00:00,51149.88,16969.96,10309.94,-1735.02,-2089.97,-2350.01,-2350.01,-610.02,16845.01,16124.97,11725.01,-5109.94
2026-09-18 17:00:00+00:00,51009.86,16739.95,9989.92,-1775.03,-2089.97,-2350.01,-2350.01,-610.02,16745.0,16024.97,11604.99,-5209.94
2026-09-18 18:00:00+00:00,50954.86,16709.95,9959.92,-2175.02,-2089.97,-2350.01,-2350.01,-610.02,16915.0,16194.97,11774.99,-5039.95
2026-09-18 19:00:00+00:00,51274.86,16894.95,10144.93,-1975.02,-2089.97,-2350.01,-2350.01,-610.02,16935.0,16314.97,11895.0,-4919.94
2026-09-18 20:00:00+00:00,52034.87,17654.95,11514.92,-1885.02,-2089.97,-2350.01,-2350.01,-610.02,17934.99,17004.96,11155.01,-5579.95
2026-09-20 22:00:00+00:00,51694.87,17364.96,11134.93,-2505.02,-2089.97,-2350.01,-2350.01,-610.02,17975.0,17044.96,10185.01,-5889.94
2026-09-20 23:00:00+00:00,51774.85,17444.94,11144.91,-2155.03,-2089.97,-2350.01,-2350.01,-610.02,18014.99,17084.95,10715.0,-5949.95
2026-09-21 00:00:00+00:00,52934.86,18604.95,13374.92,-1415.02,-2089.97,-2350.01,-2350.01,-610.02,18384.99,17454.95,12575.0,-5579.95
2026-09-21 01:00:00+00:00,52504.86,18224.94,11624.92,-1925.02,-2089.97,-2350.01,-2350.01,-610.02,18244.99,17314.95,11045.01,-5589.95
2026-09-21 02:00:00+00:00,52464.87,18094.96,11459.93,-1965.01,-2089.97,-2350.01,-2350.01,-610.02,18075.0,17294.96,10895.01,-5609.95
2026-09-21 03:00:00+00:00,52454.84,18134.94,11479.91,-1925.03,-2089.97,-2350.01,-2350.01,-610.02,18315.0,17124.95,10984.98,-5979.95
2026-09-21 04:00:00+00:00,52544.85,18234.94,11569.92,-1915.03,-2089.97,-2350.01,-2350.01,-610.02,18234.99,17044.94,10904.97,-5979.95
2026-09-21 05:00:00+00:00,53004.85,19494.96,12089.92,-1885.02,-2089.97,-2350.01,-2350.01,-610.02,18435.0,17244.95,10364.97,-5939.96
2026-09-21 06:00:00+00:00,52824.85,19314.96,11909.92,-2245.02,-2089.97,-2350.01,-2350.01,-610.02,18575.01,17384.96,10504.98,-5619.95
2026-09-21 07:00:00+00:00,53009.85,19524.96,12059.93,-1825.01,-2089.97,-2350.01,-2350.01,-610.02,18225.0,17034.94,10154.96,-6179.98
2026-09-21 08:00:00+00:00,54899.86,18399.95,11549.94,-2085.03,-2089.97,-2350.01,-2350.01,-610.02,17875.01,16884.96,11094.98,-5609.96
2026-09-21 09:00:00+00:00,55384.86,18959.95,11509.92,-2065.02,-2089.97,-2350.01,-2350.01,-610.02,17995.02,16484.95,11104.97,-5919.97
2026-09-21 10:00:00+00:00,54424.87,16894.96,11979.92,-2155.03,-2089.97,-2350.01,-2350.01,-610.02,17815.01,16304.94,10924.97,-6014.98
2026-09-21 11:00:00+00:00,54854.86,17374.96,11699.92,-2205.02,-2089.97,-2350.01,-2350.01,-610.02,17725.02,16214.95,10834.98,-6104.97
2026-09-21 12:00:00+00:00,55064.86,17284.96,11689.93,-2185.03,-2089.97,-2350.01,-2350.01,-610.02,17755.01,16244.93,10864.96,-6074.99
2026-09-21 13:00:00+00:00,54074.86,16294.95,11439.92,-2345.02,-2089.97,-2350.01,-2350.01,-610.02,17675.03,16164.96,10784.98,-6154.97
2026-09-21 14:00:00+00:00,54164.86,16384.96,11639.92,-2395.02,-2089.97,-2350.01,-2350.01,-610.02,17425.02,15964.95,10584.98,-6354.97
2026-09-21 15:00:00+00:00,54404.87,16624.96,12299.92,-2375.02,-2089.97,-2350.01,-2350.01,-610.02,17165.02,15854.95,10494.98,-6384.97
2026-09-21 16:00:00+00:00,54134.86,16354.96,11644.91,-2335.02,-2089.97,-2350.01,-2350.01,-610.02,17475.04,16164.96,10534.98,-6204.96
2026-09-21 17:00:00+00:00,54354.86,16574.95,11824.91,-2335.03,-2089.97,-2350.01,-2350.01,-610.02,17295.02,15984.95,10534.97,-6324.98
2026-09-21 18:00:00+00:00,54554.86,16774.96,11794.92,-2335.03,-2089.97,-2350.01,-2350.01,-610.02,17325.01,16014.94,10534.97,-6354.99
2026-09-21 19:00:00+00:00,54254.86,16474.95,11724.91,-2435.03,-2089.97,-2350.01,-2350.01,-610.02,17295.01,15984.94,10484.97,-6434.99
2026-09-21 20:00:00+00:00,54214.86,16484.96,11454.92,-2575.02,-2114.97,-2350.01,-2350.01,-610.02,17350.02,16114.95,10414.98,-6584.97
2026-09-21 22:00:00+00:00,54354.86,16514.95,11459.92,-2555.02,-2184.97,-2385.01,-2385.01,-610.02,17400.02,16164.95,10424.98,-6584.97
2026-09-21 23:00:00+00:00,54744.86,16954.95,11959.92,-2615.02,-2429.97,-2605.02,-2605.02,-610.02,17680.02,16444.95,10924.98,-6584.97
2026-09-22 00:00:00+00:00,55029.85,17374.93,12274.9,-1515.03,-2429.97,-2880.01,-2880.01,-610.02,17850.01,16614.94,11334.96,-5554.99
2026-09-22 01:00:00+00:00,55089.85,17169.94,12274.9,-1975.02,-2429.97,-2880.01,-2880.01,-610.02,17560.02,16324.95,10814.97,-6074.98
2026-09-22 02:00:00+00:00,55144.85,17249.94,12274.9,-1855.01,-2429.97,-2880.01,-2880.01,-610.02,17540.02,16304.95,10854.98,-6034.97
2026-09-22 03:00:00+00:00,55144.85,17114.94,12274.9,-1915.03,-2429.97,-2880.01,-2880.01,-610.02,17595.01,16384.94,10904.96,-5984.98
2026-09-22 04:00:00+00:00,55144.85,17114.94,12274.9,-1995.03,-2429.97,-2880.01,-2880.01,-610.02,17555.01,16239.94,10589.96,-6204.99
2026-09-22 05:00:00+00:00,55144.85,17114.94,12274.9,-1895.01,-2429.97,-2880.01,-2880.01,-610.02,17605.02,16289.95,10559.95,-6154.98
2026-09-22 06:00:00+00:00,55619.86,17614.95,11869.9,-2015.03,-2429.97,-2880.01,-2880.01,-610.02,17485.02,16614.94,10569.96,-6054.98
2026-09-22 07:00:00+00:00,55489.86,17489.94,11844.9,-2255.02,-2429.97,-2880.01,-2880.01,-610.02,17285.02,16414.95,10509.95,-6174.98
2026-09-22 08:00:00+00:00,51154.86,15759.94,12244.89,-2505.02,-2454.97,-2880.01,-2880.01,-610.02,14345.02,13474.94,10479.96,-6544.98
2026-09-22 09:00:00+00:00,58764.83,19964.93,11899.89,-2615.02,-3599.97,-2925.01,-2925.01,-655.02,17305.01,16634.93,10639.96,-6654.98
2026-09-22 10:00:00+00:00,59704.83,22114.94,14329.91,-2545.02,-3599.97,-3310.01,-3310.01,-1040.02,16315.0,17464.94,10274.96,-6644.98
2026-09-22 11:00:00+00:00,59864.83,21464.94,13219.91,-2585.03,-3599.97,-3310.01,-3310.01,-1040.02,17065.0,18214.93,10004.95,-6915.0
2026-09-22 12:00:00+00:00,60464.83,21314.94,13214.91,-2605.02,-3599.97,-3310.01,-3310.01,-1040.02,16345.0,17494.93,10034.96,-6884.98
2026-09-22 13:00:00+00:00,60809.83,20784.94,13754.92,-2365.02,-3599.97,-3310.01,-3310.01,-1040.02,17415.0,18564.93,10254.96,-6664.98
2026-09-22 14:00:00+00:00,60749.84,20979.95,12759.92,-2425.02,-3599.97,-3310.01,-3310.01,-1040.02,16695.01,17844.94,10134.96,-6784.98
2026-09-22 15:00:00+00:00,60759.84,21089.94,12759.92,-2295.02,-3599.97,-3310.01,-3310.01,-1040.02,17900.01,19224.94,10374.96,-6544.99
2026-09-22 16:00:00+00:00,60729.84,20909.94,12759.92,-2355.02,-3599.97,-3310.01,-3310.01,-1040.02,17870.01,18929.94,10049.96,-6734.98
2026-09-22 17:00:00+00:00,60374.84,20679.94,12759.92,-2555.03,-3599.97,-3310.01,-3310.01,-1040.02,15750.02,16809.95,7929.97,-6549.98
2026-09-22 18:00:00+00:00,62834.82,20624.94,12544.92,-2395.02,-3599.97,-3310.01,-3310.01,-1075.02,17460.0,18519.93,9639.95,-6119.99
2026-09-22 19:00:00+00:00,66094.82,23934.94,15944.92,-2575.02,-3599.97,-3310.01,-3310.01,-930.02,20310.0,21369.93,12489.95,-5299.99
2026-09-22 20:00:00+00:00,66474.81,23474.93,16104.91,-2495.02,-3599.97,-3310.01,-3310.01,-930.02,19710.0,20769.93,11889.95,-5339.99
2026-09-22 22:00:00+00:00,66529.81,23554.93,16294.91,-2875.03,-3599.97,-3310.01,-3310.01,-930.02,19805.0,21039.93,12159.95,-5149.99
2026-09-22 23:00:00+00:00,66619.8,23609.93,16259.91,-2715.02,-3599.97,-3310.01,-3310.01,-930.02,19955.01,20944.93,12064.95,-5359.99
2026-09-23 00:00:00+00:00,66869.8,23859.93,16389.91,-2455.03,-3599.97,-3310.01,-3310.01,-930.02,20095.0,21084.92,12204.94,-5220.0
2026-09-23 01:00:00+00:00,66709.8,23699.93,16299.91,-2635.04,-3599.97,-3310.01,-3310.01,-930.02,19984.99,20974.91,12094.93,-5330.0
2026-09-23 02:00:00+00:00,66739.81,23729.94,16359.91,-2515.03,-3599.97,-3310.01,-3310.01,-930.02,20135.0,21124.92,12244.94,-5179.99
2026-09-23 03:00:00+00:00,66659.81,23649.93,16269.91,-2815.02,-3599.97,-3310.01,-3310.01,-930.02,19945.01,20934.94,12054.96,-5369.98
2026-09-23 04:00:00+00:00,66689.8,23679.93,16289.91,-2795.01,-3599.97,-3310.01,-3310.01,-930.02,19825.01,20964.93,12084.95,-5339.99
2026-09-23 05:00:00+00:00,66669.81,23659.94,16289.91,-2835.01,-3599.97,-3310.01,-3310.01,-930.02,19805.01,20794.92,12044.94,-5319.99
2026-09-23 06:00:00+00:00,66774.8,23789.93,16469.92,-2935.03,-3599.97,-3310.01,-3310.01,-930.02,19394.98,20384.9,12224.95,-4909.97
2026-09-23 07:00:00+00:00,65844.82,22714.94,16624.9,-2775.02,-3599.97,-3310.01,-3310.01,-930.02,19785.0,19384.92,10674.95,-5479.98
2026-09-23 08:00:00+00:00,65694.84,23524.97,15119.93,-2875.01,-3599.97,-3310.01,-3310.01,-930.02,19675.02,19274.94,10704.95,-5370.0
2026-09-23 09:00:00+00:00,65719.82,23624.95,15119.93,-2895.02,-3599.97,-3310.01,-3310.01,-930.02,19575.0,19174.92,10774.95,-5349.99
2026-09-23 10:00:00+00:00,65759.82,23639.95,15119.93,-2855.02,-3599.97,-3310.01,-3310.01,-930.02,19410.0,19134.92,10814.95,-5369.98
2026-09-23 11:00:00+00:00,65884.81,23789.94,15119.93,-2635.03,-3599.97,-3310.01,-3310.01,-930.02,19009.99,18959.91,10714.96,-5434.98
2026-09-23 12:00:00+00:00,65884.81,23784.95,15119.93,-2605.02,-3599.97,-3310.01,-3310.01,-930.02,18910.0,18859.92,10714.97,-5434.96
2026-09-23 13:00:00+00:00,65884.81,23784.95,15094.93,-2525.01,-3599.97,-3310.01,-3310.01,-930.02,19300.0,19249.93,10574.97,-5574.96
2026-09-23 14:00:00+00:00,65884.81,23784.95,15009.94,-2365.01,-3599.97,-3310.01,-3310.01,-930.02,19770.0,19719.92,10744.98,-5404.95
2026-09-23 15:00:00+00:00,65759.81,23784.95,14519.94,-1985.01,-3599.97,-3310.01,-3310.01,-930.02,20240.0,20189.92,10634.98,-5514.95
2026-09-23 16:00:00+00:00,65829.81,23619.95,14334.93,-1745.0,-3599.97,-3310.01,-3310.01,-930.02,20310.0,20309.92,10834.97,-5314.96
2026-09-23 17:00:00+00:00,65784.82,23599.95,14314.93,-1305.02,-3599.97,-3310.01,-3310.01,-930.02,20890.0,20464.92,10799.97,-5294.96
2026-09-23 18:00:00+00:00,65564.82,23514.95,14229.93,-1185.01,-3624.97,-3310.01,-3310.01,-930.02,21180.0,20789.92,11069.97,-5194.96
2026-09-23 19:00:00+00:00,65484.81,23434.95,14149.93,-1105.01,-3584.97,-3335.01,-3335.01,-955.02,20920.0,20529.92,10749.95,-5184.97
2026-09-23 20:00:00+00:00,65304.82,23254.95,13969.94,-925.02,-3494.97,-3245.01,-3245.01,-865.03,21150.0,20759.92,10759.99,-5204.96
2026-09-23 22:00:00+00:00,65444.82,23394.95,14109.94,-995.02,-3614.97,-3315.01,-3315.01,-935.03,21080.0,20689.92,10339.99,-5274.96
2026-09-23 23:00:00+00:00,65444.81,23394.94,14109.92,-1065.0,-4284.94,-3375.01,-3375.01,-935.02,21055.01,20689.93,10959.97,-5074.97
2026-09-24 00:00:00+00:00,65784.82,23734.95,14449.93,-1405.01,-4479.95,-3625.03,-3625.03,-1105.03,21034.99,20484.93,10859.99,-5319.95
2026-09-24 01:00:00+00:00,65884.82,23834.96,14549.94,-1505.02,-4479.95,-3700.03,-3700.03,-1180.03,20794.99,20244.93,10619.99,-5559.95
2026-09-24 02:00:00+00:00,65784.82,23734.95,14389.93,-1405.01,-4479.95,-3700.03,-3700.03,-1180.03,21115.0,20564.94,10940.0,-5239.94
2026-09-24 03:00:00+00:00,65864.82,23814.95,14479.93,-1485.02,-4479.95,-3700.03,-3700.03,-1180.03,21124.99,20574.93,10949.99,-5229.95
2026-09-24 04:00:00+00:00,65744.82,23694.96,14194.93,-1365.02,-4479.95,-3700.03,-3700.03,-1240.03,20994.99,20444.93,10819.99,-5359.95
2026-09-24 05:00:00+00:00,65484.81,23434.95,14064.92,-1105.01,-4504.95,-3700.03,-3700.03,-1140.02,21080.0,20604.94,10980.0,-5199.94
2026-09-24 06:00:00+00:00,65244.81,23194.94,13944.92,-865.01,-4384.95,-3725.03,-3725.03,-1165.02,21300.0,20409.94,10760.0,-5419.94
2026-09-24 07:00:00+00:00,65044.81,22994.94,13809.92,-665.01,-4284.95,-3625.04,-3625.04,-1065.02,21400.0,20509.94,10760.0,-5419.94
2026-09-24 08:00:00+00:00,64924.82,22874.95,13669.92,-545.01,-4224.95,-3565.04,-3565.04,-1005.02,21480.0,20589.94,10780.0,-5399.94
2026-09-24 09:00:00+00:00,64744.81,22694.94,13569.92,-365.01,-4134.95,-3475.03,-3475.03,-915.02,21490.0,20599.94,10700.0,-5479.94
2026-09-24 10:00:00+00:00,64964.83,22914.96,13869.93,-585.02,-4244.96,-3585.04,-3585.04,-1025.03,21300.0,20409.94,10620.01,-5559.93
2026-09-24 11:00:00+00:00,64864.82,22814.95,13749.92,-485.02,-4194.95,-3535.04,-3535.04,-975.02,21370.0,20479.94,10640.0,-5539.94
2026-09-24 12:00:00+00:00,64564.82,22514.95,13369.92,-185.01,-4044.95,-3385.04,-3385.04,-825.02,21600.0,20709.94,10720.01,-5459.93
2026-09-24 13:00:00+00:00,64584.82,22534.95,13579.93,-205.02,-4054.95,-3395.04,-3395.04,-870.02,21400.0,20509.94,10530.0,-5649.94
2026-09-24 14:00:00+00:00,63999.82,21974.96,13139.92,-125.02,-3774.95,-3115.04,-3115.04,-525.02,20920.0,20029.94,10260.01,-5769.93
2026-09-24 15:00:00+00:00,64319.81,21869.94,12804.92,-325.01,-3744.95,-3085.03,-3085.03,-820.0,21559.99,20669.93,11129.99,-5539.94
2026-09-24 16:00:00+00:00,63909.81,21459.95,12544.92,4.99,-3644.95,-2985.04,-2985.04,-850.0,21220.0,20329.94,10559.99,-5769.94
2026-09-24 17:00:00+00:00,63569.82,21119.96,12084.92,324.97,-3424.96,-2765.04,-2765.04,-510.0,21340.0,20549.94,10680.0,-5869.93
2026-09-24 18:00:00+00:00,63714.82,21339.96,11964.93,884.97,-3194.96,-2485.04,-2485.04,-400.01,21730.0,21079.94,10755.0,-6294.93
2026-09-24 19:00:00+00:00,63164.82,20274.96,11409.92,1084.98,-3129.95,-2395.04,-2395.04,-135.0,21670.0,21019.94,11205.0,-6489.93
2026-09-24 20:00:00+00:00,63749.82,20884.96,12019.92,1304.98,-3054.95,-2210.03,-2210.03,50.01,21840.01,21189.94,11335.0,-6949.93
2026-09-24 22:00:00+00:00,65249.81,21949.95,13084.92,1014.98,-3369.95,-2525.03,-2525.03,-229.99,21690.0,21039.94,12704.99,-6419.94
2026-09-24 23:00:00+00:00,64819.81,21519.95,12889.92,1214.98,-3194.95,-2310.04,-2310.04,-30.0,21840.0,21189.94,12325.0,-6519.94
2026-09-25 00:00:00+00:00,64299.82,20999.96,12369.93,1414.98,-2929.95,-2145.04,-2145.04,170.0,21955.0,21379.94,12225.0,-6619.94
2026-09-25 01:00:00+00:00,63639.81,20339.96,11709.92,2074.98,-2269.95,-1520.04,-1520.04,830.0,21955.0,21614.94,11809.99,-7069.94
2026-09-25 02:00:00+00:00,64219.8,20919.94,12519.91,1935.0,-2574.93,-1800.02,-1800.02,550.02,21954.99,21614.93,11794.98,-7089.96
2026-09-25 03:00:00+00:00,63624.79,20349.94,12459.91,1954.99,-2629.95,-1815.03,-1815.03,570.01,22005.0,21664.94,11344.98,-6999.93
2026-09-25 04:00:00+00:00,63724.8,20404.94,12559.91,1874.99,-2734.95,-1920.03,-1920.03,490.01,21995.0,21654.94,11394.98,-6979.93
2026-09-25 05:00:00+00:00,63804.8,20484.94,12639.92,1794.99,-2829.95,-2035.04,-2035.04,410.01,21985.0,21644.94,11424.98,-6959.94
2026-09-25 06:00:00+00:00,63584.8,20264.94,12384.92,2014.99,-2609.95,-1860.04,-1860.04,630.01,21995.0,21654.94,11324.98,-7049.93
2026-09-25 07:00:00+00:00,63644.8,20324.94,12574.91,1954.99,-2669.95,-1920.03,-1920.03,570.01,22125.0,21784.94,11449.98,-6759.94
2026-09-25 08:00:00+00:00,63844.79,20524.94,12604.9,1755.0,-2894.95,-2120.03,-2120.03,370.01,21954.99,21614.93,11209.97,-6999.95
2026-09-25 09:00:00+00:00,64204.8,20934.95,13074.92,1514.98,-3159.96,-2335.04,-2335.04,190.0,22015.0,21674.94,12449.98,-6519.94
2026-09-25 10:00:00+00:00,63864.81,20754.94,12714.92,1854.98,-2844.96,-1850.05,-1850.05,530.0,21835.01,21494.95,11979.99,-7049.93
2026-09-25 11:00:00+00:00,64224.81,21114.94,13144.92,1604.97,-3274.96,-2245.05,-2245.05,170.0,21905.0,21564.95,12070.0,-6899.93
2026-09-25 12:00:00+00:00,64259.81,21174.94,13129.91,1544.97,-3284.96,-2255.04,-2255.04,110.0,21805.0,21514.94,11899.99,-6969.93
2026-09-25 13:00:00+00:00,64269.79,21079.93,13169.91,1604.99,-3294.94,-2265.03,-2265.03,170.02,21914.99,21524.94,12964.99,-6859.94
2026-09-25 14:00:00+00:00,63859.8,20669.93,12724.91,1994.99,-2884.95,-1855.04,-1855.04,490.01,21574.99,21184.94,11054.98,-7299.94
2026-09-25 15:00:00+00:00,63544.79,20479.92,13659.91,1954.99,-2694.94,-1665.03,-1665.03,415.01,21134.98,20744.93,9644.97,-7739.95
2026-09-25 16:00:00+00:00,64074.81,20074.93,12744.89,2374.99,-2504.94,-1475.03,-1475.03,605.01,21174.99,20784.94,10174.99,-8509.94
2026-09-25 17:00:00+00:00,64194.79,20194.91,12529.88,2615.0,-2094.94,-1065.03,-1065.03,1015.01,20714.99,20324.94,9834.99,-8969.94
2026-09-25 18:00:00+00:00,65244.8,21294.92,12454.89,2594.99,-2214.94,-1185.03,-1185.03,895.01,20849.99,20534.94,10664.99,-8759.94
2026-09-25 19:00:00+00:00,65354.81,21404.93,12714.9,2634.99,-2324.95,-1295.04,-1295.04,785.0,20979.99,20729.94,10910.0,-8479.93
2026-09-25 20:00:00+00:00,65424.82,21474.94,12614.91,2394.98,-2394.96,-1365.05,-1365.05,714.99,20930.0,20679.95,10860.0,-8699.93
2026-09-27 22:00:00+00:00,64154.81,20204.93,11734.9,4054.98,-1124.95,-95.04,-95.04,1985.0,20490.0,20239.94,10420.0,-8749.93
2026-09-27 23:00:00+00:00,64644.8,20694.91,11994.88,3335.0,-1614.94,-585.02,-585.02,1495.02,20619.99,20369.93,10549.99,-8849.95
2026-09-28 00:00:00+00:00,64614.83,20664.95,12114.92,3514.98,-1584.97,-555.06,-555.06,1524.98,20680.01,20429.95,10610.01,-8639.92
2026-09-28 01:00:00+00:00,64324.81,20374.93,11839.9,3854.99,-1294.95,-265.04,-265.04,1815.0,20485.0,20309.94,10490.0,-8709.93
2026-09-28 02:00:00+00:00,64024.81,20074.93,11539.9,4214.99,-994.95,34.96,34.96,2115.0,20424.99,20104.94,10335.0,-8769.94
2026-09-28 03:00:00+00:00,64579.82,20654.94,12119.91,3874.98,-1574.96,-545.05,-545.05,1534.99,21074.99,20754.94,10985.0,-8119.93
2026-09-28 04:00:00+00:00,64059.81,19979.94,11444.91,4394.98,-934.96,94.95,94.95,2174.99,20575.0,20254.95,10485.01,-8619.93
2026-09-28 05:00:00+00:00,63239.81,19159.93,10624.9,5214.99,-104.95,924.96,924.96,3005.0,20144.99,19824.94,10055.0,-9049.93
2026-09-28 06:00:00+00:00,63654.81,19599.93,11064.9,4774.99,-314.96,714.96,714.96,2795.0,19905.0,19584.95,9815.01,-9289.92
2026-09-28 07:00:00+00:00,64674.81,20564.93,12029.9,3774.99,-1334.95,-305.04,-305.04,1775.0,20395.0,20124.95,10355.0,-8749.93
2026-09-28 08:00:00+00:00,65154.82,21044.94,12509.91,3514.98,-1814.96,-785.05,-785.05,1294.99,20615.0,20634.95,10925.01,-8179.92
2026-09-28 09:00:00+00:00,64804.81,20694.94,12074.91,3754.98,-1464.96,-435.04,-435.04,1645.0,20505.0,20524.95,10585.0,-8519.93
2026-09-28 10:00:00+00:00,65034.81,20924.93,12074.91,3494.99,-1694.95,-665.04,-665.04,1415.0,20475.0,20494.95,10655.0,-8449.93
2026-09-28 11:00:00+00:00,64624.8,20514.92,12074.91,3874.99,-1284.94,-255.03,-255.03,1825.01,20444.99,20464.95,10404.99,-8699.94
2026-09-28 12:00:00+00:00,65104.8,20994.93,12074.91,3154.99,-1764.95,-735.03,-735.03,1345.01,20204.99,20224.95,10284.99,-8819.94
2026-09-28 13:00:00+00:00,64754.81,21174.93,11174.91,3354.97,-1524.96,-495.05,-495.05,1584.99,20175.0,20344.95,10830.0,-8349.93
2026-09-28 14:00:00+00:00,67419.78,23914.9,12789.9,3764.99,-1114.94,-85.03,-85.03,1995.01,18035.0,20294.95,10454.99,-6814.95
2026-09-28 15:00:00+00:00,64964.79,21534.91,11429.9,3764.98,-1114.95,-85.04,-85.04,1995.0,18035.0,20294.95,10454.99,-9194.94
2026-09-28 16:00:00+00:00,68029.78,21534.92,11864.9,3554.98,-1324.95,-295.04,-295.04,1785.0,20964.99,23224.94,13384.98,-9144.93
2026-09-28 17:00:00+00:00,67904.79,21209.93,11639.89,3514.98,-1224.96,-195.05,-195.05,1884.99,20874.98,23134.93,13294.97,-9144.93
2026-09-28 18:00:00+00:00,68084.79,21264.93,11604.89,3564.97,-1314.96,-285.05,-285.05,1794.99,21204.99,23464.93,13624.97,-9574.93
2026-09-28 19:00:00+00:00,68259.78,21464.92,11834.89,3824.98,-1284.95,-255.04,-255.04,1825.0,20584.98,22994.92,13154.96,-9574.93
2026-09-28 20:00:00+00:00,68184.77,21309.91,11729.89,3804.99,-1309.94,-205.03,-205.03,1875.01,20114.98,21434.94,11594.98,-9669.93
2026-09-28 22:00:00+00:00,68959.77,22159.91,11729.89,2864.99,-1309.94,-1140.03,-1140.03,940.01,20114.98,21434.94,11594.98,-9959.94
2026-09-28 23:00:00+00:00,68959.77,21644.92,11704.89,3324.98,-1309.94,-1140.03,-1140.03,940.01,20114.98,21434.94,11594.98,-9789.94
2026-09-29 00:00:00+00:00,68959.77,21644.92,11634.89,3184.98,-1309.94,-1140.03,-1140.03,940.01,20114.98,21434.94,11594.98,-10419.94
2026-09-29 01:00:00+00:00,68959.77,21644.92,11874.89,3784.99,-1309.94,-1140.03,-1140.03,940.01,20114.98,21434.94,11594.98,-9559.94
2026-09-29 02:00:00+00:00,68959.77,21644.92,11459.89,3624.98,-1309.94,-1140.03,-1140.03,940.01,20039.98,21434.94,11594.98,-10099.93
2026-09-29 03:00:00+00:00,68959.77,21644.92,11259.88,3384.98,-1309.94,-1140.03,-1140.03,940.01,19759.96,21339.94,11499.98,-10379.95
2026-09-29 04:00:00+00:00,68959.77,21644.92,11629.88,3804.98,-1309.94,-1140.03,-1140.03,940.01,20289.97,21869.94,12029.98,-9849.95
2026-09-29 05:00:00+00:00,68959.77,21644.92,11509.89,3684.98,-1309.94,-1140.03,-1140.03,940.01,20229.97,21809.95,11969.99,-9909.95
2026-09-29 06:00:00+00:00,68959.77,21644.92,11509.89,3744.98,-1309.94,-1140.03,-1140.03,940.01,20439.98,22019.95,12179.99,-9699.94
2026-09-29 07:00:00+00:00,68959.77,21644.92,11509.89,3884.98,-1309.94,-1140.03,-1140.03,940.01,20549.99,22129.96,12290.0,-9589.93
2026-09-29 08:00:00+00:00,68934.77,21644.92,11509.89,3764.98,-1309.94,-1140.03,-1140.03,940.01,20759.97,22489.95,12649.99,-9229.95
2026-09-29 09:00:00+00:00,68654.77,21564.92,11414.89,3784.98,-1309.94,-1140.03,-1140.03,940.01,22279.97,23499.95,13659.99,-9959.94
2026-09-29 10:00:00+00:00,68469.77,21404.92,11134.89,3704.98,-1309.94,-1140.03,-1140.03,940.01,22599.99,23819.97,13980.01,-10239.93
2026-09-29 11:00:00+00:00,69609.77,23169.92,10884.88,3904.99,-1309.94,-1140.03,-1140.03,940.01,23449.96,24669.94,14829.98,-10399.95
2026-09-29 12:00:00+00:00,72454.76,22759.92,11134.89,2854.97,-1309.94,-1140.03,-1140.03,940.01,22390.0,23609.98,13770.02,-9829.95
2026-09-29 13:00:00+00:00,72999.77,23014.93,11344.9,3714.98,-1309.94,-1140.03,-1140.03,940.01,21089.99,22309.97,12470.01,-9689.94
2026-09-29 14:00:00+00:00,72999.77,22289.93,10999.88,3615.0,-1309.94,-1140.03,-1140.03,940.01,21539.97,22959.95,13119.99,-10239.96
2026-09-29 15:00:00+00:00,72879.77,22169.93,10759.89,3634.97,-1309.94,-1140.03,-1140.03,940.01,22149.96,22579.96,12740.0,-10714.93
2026-09-29 16:00:00+00:00,72794.77,22109.93,10639.9,2814.98,-1309.94,-1140.03,-1140.03,940.01,21689.96,22119.96,12280.0,-10774.93
2026-09-29 17:00:00+00:00,72374.77,21964.93,10339.89,2214.97,-1309.94,-1140.03,-1140.03,940.01,21389.96,21819.96,11980.0,-10894.93
2026-09-29 18:00:00+00:00,72244.77,21834.93,10209.89,2134.97,-1309.94,-1140.03,-1140.03,940.01,21279.96,21709.96,11870.0,-10914.93
2026-09-29 19:00:00+00:00,72404.77,21994.94,10369.9,3024.99,-1309.94,-1140.03,-1140.03,940.01,21629.96,22059.96,12220.0,-11104.93
2026-09-29 20:00:00+00:00,72739.77,22354.93,10729.89,3504.98,-1309.94,-1140.03,-1140.03,940.01,21469.97,22049.97,12210.01,-10984.94
2026-09-29 22:00:00+00:00,73799.77,22939.93,11359.89,4824.97,-1309.94,-1140.03,-1140.03,940.01,21259.98,22489.97,12650.01,-11074.93
2026-09-29 23:00:00+00:00,73839.78,22389.94,10809.9,3804.98,-1309.94,-1140.03,-1140.03,940.01,21789.98,23019.96,13180.0,-10524.93
2026-09-30 00:00:00+00:00,74189.77,22789.93,11184.89,3324.97,-1309.94,-1140.03,-1140.03,940.01,22229.98,23459.97,13620.01,-9884.93
2026-09-30 01:00:00+00:00,73799.76,22299.92,10984.89,2994.98,-1309.94,-1140.03,-1140.03,940.01,21989.96,23219.95,13379.99,-10024.93
2026-09-30 02:00:00+00:00,73459.77,21959.93,10954.89,2204.99,-1309.94,-1140.03,-1140.03,940.01,22429.95,23659.94,13819.98,-9674.95
2026-09-30 03:00:00+00:00,73709.77,22209.93,10999.89,2534.99,-1309.94,-1140.03,-1140.03,940.01,22079.96,23459.95,13619.99,-9734.95
2026-09-30 04:00:00+00:00,73709.77,22209.93,11159.89,3014.98,-1334.94,-1140.03,-1140.03,940.01,22319.96,22759.96,12920.0,-10289.93
2026-09-30 05:00:00+00:00,73659.77,22159.93,11069.89,3054.99,-1224.94,-1175.03,-1175.03,905.01,22479.97,22919.96,13080.0,-10159.93
2026-09-30 06:00:00+00:00,73689.77,22189.93,10939.89,2984.98,-1224.94,-1175.03,-1175.03,905.01,22479.97,22919.96,13080.0,-10334.93
2026-09-30 07:00:00+00:00,73234.77,21809.92,10319.89,2374.98,-1039.94,-965.03,-965.03,1115.01,21899.96,22339.96,12500.0,-10774.92
2026-09-30 08:00:00+00:00,73069.77,21444.93,10019.89,1754.97,-819.94,-1050.04,-1050.04,1030.0,20599.96,21039.95,11200.0,-11094.93
2026-09-30 09:00:00+00:00,73599.76,22169.92,10684.89,2884.99,-1424.94,-1630.04,-1630.04,450.0,20904.97,21419.96,11580.0,-10354.92
2026-09-30 10:00:00+00:00,73119.75,21739.92,9264.88,1164.99,-1564.94,-1005.04,-1005.04,1075.0,20904.97,20604.96,10765.0,-11404.93
2026-09-30 11:00:00+00:00,72029.76,20939.92,8384.88,384.99,-1549.94,-965.04,-965.04,1115.0,20904.97,20604.96,10765.0,-11094.93
