timestamp,X26-Z26,Z26-F27,F27-G27,G27-H27,X26/Z26/F27 fly,Z26/F27/G27 fly,F27/G27/H27 fly
2026-07-22 04:00:00+00:00,,,,,,,
2026-07-22 05:00:00+00:00,,,,,,,
2026-07-22 06:00:00+00:00,2.53,,,,,,
2026-07-22 07:00:00+00:00,2.66,,,,,,
2026-07-22 08:00:00+00:00,2.41,,,,,,
2026-07-22 09:00:00+00:00,2.49,,,,,,
2026-07-22 10:00:00+00:00,2.39,1.73,,,0.66,,
2026-07-22 11:00:00+00:00,2.1,2.41,,,-0.31,,
2026-07-22 12:00:00+00:00,1.99,2.09,,,-0.1,,
2026-07-22 13:00:00+00:00,2.34,1.73,1.26,,0.61,0.47,
2026-07-22 14:00:00+00:00,2.28,1.58,1.56,,0.7,0.02,
2026-07-22 15:00:00+00:00,2.47,1.41,1.35,0.92,1.06,0.06,0.43
2026-07-22 16:00:00+00:00,2.3,1.66,1.35,0.92,0.64,0.06,0.43
2026-07-22 17:00:00+00:00,2.06,2.06,1.35,0.92,0.0,0.06,0.43
2026-07-22 18:00:00+00:00,2.39,2.06,1.35,0.92,0.0,0.06,0.43
2026-07-22 19:00:00+00:00,2.28,2.06,1.35,0.92,0.0,0.06,0.43
2026-07-22 20:00:00+00:00,2.29,2.06,1.35,0.92,0.0,0.06,0.43
2026-07-22 22:00:00+00:00,1.67,2.06,1.35,0.92,0.0,0.06,0.43
2026-07-22 23:00:00+00:00,2.42,2.06,1.35,0.92,0.0,0.06,0.43
2026-07-23 00:00:00+00:00,2.59,2.06,1.35,0.92,0.0,0.06,0.43
2026-07-23 01:00:00+00:00,2.38,2.06,1.35,0.92,0.0,0.06,0.43
2026-07-23 02:00:00+00:00,2.35,2.06,1.35,0.92,0.0,0.06,0.43
2026-07-23 03:00:00+00:00,2.52,2.06,1.35,0.92,0.0,0.06,0.43
2026-07-23 04:00:00+00:00,2.57,1.76,1.35,0.92,0.81,0.06,0.43
2026-07-23 05:00:00+00:00,2.35,1.85,1.35,0.92,0.5,0.06,0.43
2026-07-23 06:00:00+00:00,2.48,1.92,1.35,0.92,0.56,0.06,0.43
2026-07-23 07:00:00+00:00,2.59,2.08,1.35,0.92,0.51,0.06,0.43
2026-07-23 08:00:00+00:00,2.57,2.21,1.35,0.92,0.36,0.06,0.43
2026-07-23 09:00:00+00:00,2.62,2.09,1.35,0.92,0.53,0.06,0.43
2026-07-23 10:00:00+00:00,2.37,2.09,1.35,0.92,0.53,0.06,0.43
2026-07-23 11:00:00+00:00,2.65,2.09,1.35,0.92,0.53,0.06,0.43
2026-07-23 12:00:00+00:00,2.74,1.73,2.0,0.92,1.01,-0.27,0.43
2026-07-23 13:00:00+00:00,2.97,1.82,2.0,0.92,1.15,-0.18,0.43
2026-07-23 14:00:00+00:00,3.01,1.85,2.0,0.92,1.16,-0.15,0.43
2026-07-23 15:00:00+00:00,2.86,2.15,1.51,0.92,0.71,0.64,0.43
2026-07-23 16:00:00+00:00,3.0,1.97,1.51,0.92,1.03,0.46,0.43
2026-07-23 17:00:00+00:00,3.09,2.45,1.56,0.92,0.64,0.89,0.43
2026-07-23 18:00:00+00:00,2.86,1.86,1.56,0.92,1.0,0.89,0.43
2026-07-23 19:00:00+00:00,2.95,1.49,2.3,0.73,1.46,-0.81,1.57
2026-07-23 20:00:00+00:00,2.89,1.49,2.3,0.73,1.46,-0.81,1.57
2026-07-23 22:00:00+00:00,3.3,1.49,2.3,0.73,1.46,-0.81,1.57
2026-07-23 23:00:00+00:00,2.88,1.49,2.3,0.73,1.46,-0.81,1.57
2026-07-24 00:00:00+00:00,2.48,1.49,2.3,0.73,1.46,-0.81,1.57
2026-07-24 01:00:00+00:00,2.88,1.49,2.3,0.73,1.46,-0.81,1.57
2026-07-24 02:00:00+00:00,2.86,1.49,2.3,0.73,1.46,-0.81,1.57
2026-07-24 03:00:00+00:00,2.71,1.49,2.3,0.73,1.46,-0.81,1.57
2026-07-24 04:00:00+00:00,2.89,1.49,2.3,0.73,1.46,-0.81,1.57
2026-07-24 05:00:00+00:00,2.92,1.49,2.3,0.73,1.46,-0.81,1.57
2026-07-24 06:00:00+00:00,2.55,1.49,2.3,0.73,1.46,-0.81,1.57
2026-07-24 07:00:00+00:00,2.74,1.49,2.3,0.73,1.46,-0.81,1.57
2026-07-24 08:00:00+00:00,2.55,1.49,2.3,0.73,1.46,-0.81,1.57
2026-07-24 09:00:00+00:00,2.45,1.49,2.3,0.73,1.46,-0.81,1.57
2026-07-24 10:00:00+00:00,2.52,1.49,2.3,0.73,1.46,-0.81,1.57
2026-07-24 11:00:00+00:00,1.96,1.49,2.3,0.73,1.46,-0.81,1.57
2026-07-24 12:00:00+00:00,2.11,1.49,2.3,0.73,1.46,-0.81,1.57
2026-07-24 13:00:00+00:00,2.46,1.49,2.3,1.2,1.46,-0.81,1.57
2026-07-24 14:00:00+00:00,2.52,1.49,2.3,1.11,1.46,-0.81,1.57
2026-07-24 15:00:00+00:00,2.44,1.14,1.74,1.1,1.3,-0.6,0.64
2026-07-24 16:00:00+00:00,2.35,1.32,1.74,1.1,1.03,-0.42,0.64
2026-07-24 17:00:00+00:00,2.19,1.46,1.74,1.1,0.73,-0.28,0.64
2026-07-24 18:00:00+00:00,2.59,1.75,1.74,1.1,0.84,-0.28,0.64
2026-07-24 19:00:00+00:00,2.65,1.86,1.74,1.1,0.79,-0.28,0.64
2026-07-24 20:00:00+00:00,2.55,1.78,1.74,1.1,0.77,-0.28,0.64
2026-07-26 22:00:00+00:00,2.38,-1.59,1.74,1.1,3.97,-0.28,0.64
2026-07-26 23:00:00+00:00,1.85,-1.59,1.74,1.1,3.97,-0.28,0.64
2026-07-27 00:00:00+00:00,2.13,0.96,1.74,1.1,1.17,-0.28,0.64
2026-07-27 01:00:00+00:00,2.3,1.49,1.74,1.1,0.81,-0.28,0.64
2026-07-27 02:00:00+00:00,2.12,1.86,1.74,1.1,0.26,-0.28,0.64
2026-07-27 03:00:00+00:00,2.17,1.64,1.74,1.1,0.53,-0.28,0.64
2026-07-27 04:00:00+00:00,1.55,1.64,1.74,1.1,0.53,-0.28,0.64
2026-07-27 05:00:00+00:00,2.1,1.64,1.74,1.1,0.53,-0.28,0.64
2026-07-27 06:00:00+00:00,1.64,1.64,1.74,1.1,0.53,-0.28,0.64
2026-07-27 07:00:00+00:00,2.05,1.64,1.74,1.1,0.53,-0.28,0.64
2026-07-27 08:00:00+00:00,1.79,1.64,1.74,1.1,0.53,-0.28,0.64
2026-07-27 09:00:00+00:00,1.35,1.64,1.74,1.1,0.53,-0.28,0.64
2026-07-27 10:00:00+00:00,1.74,1.64,1.74,1.1,0.53,-0.28,0.64
2026-07-27 11:00:00+00:00,1.88,1.64,1.74,1.1,0.53,-0.28,0.64
2026-07-27 12:00:00+00:00,1.86,1.53,1.24,1.1,0.33,0.29,0.64
2026-07-27 13:00:00+00:00,1.82,1.4,1.24,1.1,0.42,0.16,0.64
2026-07-27 14:00:00+00:00,1.78,1.22,1.14,1.1,0.56,0.08,0.64
2026-07-27 15:00:00+00:00,1.89,1.18,1.14,1.1,0.71,0.04,0.64
2026-07-27 16:00:00+00:00,1.91,0.78,1.14,1.1,1.13,-0.36,0.64
2026-07-27 17:00:00+00:00,1.71,0.88,1.14,1.1,0.83,-0.36,0.64
2026-07-27 18:00:00+00:00,1.66,0.88,1.14,1.1,0.83,-0.36,0.64
2026-07-27 19:00:00+00:00,1.64,0.88,1.14,1.1,0.83,-0.36,0.64
2026-07-27 20:00:00+00:00,1.37,0.88,1.14,1.1,0.83,-0.36,0.64
2026-07-28 00:00:00+00:00,1.55,0.88,1.14,1.1,0.83,-0.36,0.64
2026-07-28 01:00:00+00:00,1.49,0.88,1.14,1.1,0.83,-0.36,0.64
2026-07-28 02:00:00+00:00,1.24,0.88,1.14,1.1,0.83,-0.36,0.64
2026-07-28 03:00:00+00:00,1.76,0.88,1.14,1.1,0.83,-0.36,0.64
2026-07-28 04:00:00+00:00,1.6,0.88,1.14,1.1,0.83,-0.36,0.64
2026-07-28 05:00:00+00:00,1.56,0.88,1.14,1.1,0.83,-0.36,0.64
2026-07-28 06:00:00+00:00,1.49,0.88,1.14,1.1,0.83,-0.36,0.64
2026-07-28 07:00:00+00:00,1.6,0.88,1.14,1.1,0.83,-0.36,0.64
2026-07-28 08:00:00+00:00,1.43,0.74,1.14,1.1,0.69,-0.36,0.64
2026-07-28 09:00:00+00:00,1.61,0.91,1.14,1.1,0.7,-0.36,0.64
2026-07-28 10:00:00+00:00,1.57,1.3,0.93,1.1,0.27,0.37,0.64
2026-07-28 11:00:00+00:00,1.75,1.3,0.93,1.1,0.27,0.37,0.64
2026-07-28 12:00:00+00:00,1.52,1.3,0.93,1.1,0.27,0.37,0.64
2026-07-28 13:00:00+00:00,1.56,1.3,0.93,1.1,0.27,0.37,0.64
2026-07-28 14:00:00+00:00,1.67,1.3,0.93,1.1,0.27,0.37,0.64
2026-07-28 15:00:00+00:00,1.23,0.89,0.63,0.88,0.34,0.26,-0.25
2026-07-28 16:00:00+00:00,1.31,1.0,0.5,0.88,0.31,0.5,-0.38
2026-07-28 17:00:00+00:00,1.42,1.51,0.63,0.88,-0.09,0.88,-0.25
2026-07-28 18:00:00+00:00,1.4,1.01,0.63,0.88,0.39,0.88,-0.25
2026-07-28 19:00:00+00:00,1.29,0.94,0.63,0.88,0.35,0.88,-0.25
2026-07-28 20:00:00+00:00,1.37,0.98,0.63,0.88,0.39,0.88,-0.25
2026-07-28 22:00:00+00:00,1.79,1.68,0.63,0.88,0.11,0.88,-0.25
2026-07-28 23:00:00+00:00,1.28,1.16,0.63,0.88,0.12,0.88,-0.25
2026-07-29 00:00:00+00:00,1.93,1.12,0.63,0.88,0.81,0.88,-0.25
2026-07-29 01:00:00+00:00,1.43,1.84,0.63,0.88,-0.41,0.88,-0.25
2026-07-29 02:00:00+00:00,1.63,1.26,0.63,0.88,0.37,0.88,-0.25
2026-07-29 03:00:00+00:00,1.71,1.53,0.63,0.88,0.18,0.88,-0.25
2026-07-29 04:00:00+00:00,1.62,1.53,0.63,0.88,0.18,0.88,-0.25
2026-07-29 05:00:00+00:00,1.73,1.53,0.63,0.88,0.18,0.88,-0.25
2026-07-29 06:00:00+00:00,1.96,1.53,0.63,0.88,0.18,0.88,-0.25
2026-07-29 07:00:00+00:00,1.94,1.53,0.63,0.88,0.18,0.88,-0.25
2026-07-29 08:00:00+00:00,1.57,1.53,0.63,0.88,0.18,0.88,-0.25
2026-07-29 09:00:00+00:00,1.77,1.53,0.63,0.88,0.18,0.88,-0.25
2026-07-29 10:00:00+00:00,1.88,1.53,0.63,0.88,0.18,0.88,-0.25
2026-07-29 11:00:00+00:00,1.58,1.09,0.63,0.88,0.49,0.88,-0.25
2026-07-29 12:00:00+00:00,2.03,1.66,0.63,0.88,0.37,0.88,-0.25
2026-07-29 13:00:00+00:00,2.04,1.46,0.63,0.88,0.58,0.88,-0.25
2026-07-29 14:00:00+00:00,2.02,2.22,0.63,0.88,-0.2,0.88,-0.25
2026-07-29 15:00:00+00:00,2.13,2.16,0.63,0.88,-0.03,0.88,-0.25
2026-07-29 16:00:00+00:00,1.96,2.16,0.63,0.88,-0.03,0.88,-0.25
2026-07-29 17:00:00+00:00,1.99,2.16,0.63,0.88,-0.03,0.88,-0.25
2026-07-29 18:00:00+00:00,1.48,2.16,0.63,0.88,-0.03,0.88,-0.25
2026-07-29 19:00:00+00:00,2.16,2.16,0.63,0.88,-0.03,0.88,-0.25
2026-07-29 20:00:00+00:00,1.85,2.16,0.63,0.88,-0.03,0.88,-0.25
2026-07-29 22:00:00+00:00,1.64,2.16,0.63,0.88,-0.03,0.88,-0.25
2026-07-29 23:00:00+00:00,1.72,2.16,0.63,0.88,-0.03,0.88,-0.25
2026-07-30 00:00:00+00:00,1.99,2.16,0.63,0.88,-0.03,0.88,-0.25
2026-07-30 01:00:00+00:00,1.98,2.16,0.63,0.88,-0.03,0.88,-0.25
2026-07-30 02:00:00+00:00,1.9,1.09,0.94,0.88,0.81,0.15,-0.25
2026-07-30 03:00:00+00:00,2.26,1.09,0.94,0.88,1.17,0.15,-0.25
2026-07-30 04:00:00+00:00,2.08,1.46,0.94,0.88,0.62,0.15,-0.25
2026-07-30 05:00:00+00:00,2.3,1.46,0.94,0.88,0.62,0.15,-0.25
2026-07-30 06:00:00+00:00,2.59,1.46,0.94,0.88,0.62,0.15,-0.25
2026-07-30 07:00:00+00:00,2.49,1.46,0.94,0.88,0.62,0.15,-0.25
2026-07-30 08:00:00+00:00,2.32,1.46,0.94,0.88,0.62,0.15,-0.25
2026-07-30 09:00:00+00:00,2.43,1.46,0.94,0.88,0.62,0.15,-0.25
2026-07-30 10:00:00+00:00,2.36,1.46,0.94,0.88,0.62,0.15,-0.25
2026-07-30 11:00:00+00:00,2.2,1.46,0.94,0.88,0.62,0.15,-0.25
2026-07-30 12:00:00+00:00,2.22,1.46,0.94,0.88,0.62,0.15,-0.25
2026-07-30 13:00:00+00:00,2.19,1.61,0.94,0.88,0.58,0.15,-0.25
2026-07-30 14:00:00+00:00,2.34,1.51,0.99,0.88,0.83,0.52,-0.25
2026-07-30 15:00:00+00:00,2.32,1.49,1.14,0.86,0.83,0.35,0.28
2026-07-30 16:00:00+00:00,2.26,1.36,1.44,0.86,0.9,-0.08,0.58
2026-07-30 17:00:00+00:00,2.03,1.46,1.44,0.86,0.57,0.02,0.58
2026-07-30 18:00:00+00:00,2.02,1.34,1.44,0.86,0.68,0.02,0.58
2026-07-30 19:00:00+00:00,2.19,1.34,1.44,0.86,0.68,0.02,0.58
2026-07-30 20:00:00+00:00,2.22,1.34,1.44,0.86,0.68,0.02,0.58
2026-07-31 00:00:00+00:00,1.96,1.34,1.44,0.86,0.68,0.02,0.58
2026-07-31 01:00:00+00:00,2.08,1.31,1.44,0.86,0.77,0.02,0.58
2026-07-31 02:00:00+00:00,2.68,0.94,1.44,0.86,1.74,0.02,0.58
2026-07-31 03:00:00+00:00,2.26,1.39,1.44,0.86,0.87,0.02,0.58
2026-07-31 04:00:00+00:00,1.63,1.28,1.47,0.86,0.35,-0.19,0.58
2026-07-31 05:00:00+00:00,1.95,1.22,1.2,0.86,0.73,0.02,0.58
2026-07-31 06:00:00+00:00,2.12,1.41,1.49,0.86,0.71,-0.08,0.58
2026-07-31 07:00:00+00:00,1.98,1.5,1.7,0.86,0.48,-0.2,0.58
2026-07-31 08:00:00+00:00,2.29,1.5,1.7,0.86,0.79,-0.2,0.58
2026-07-31 09:00:00+00:00,2.47,2.05,1.7,0.86,0.42,-0.2,0.58
2026-07-31 10:00:00+00:00,2.44,2.4,1.7,0.86,0.04,-0.2,0.58
2026-07-31 11:00:00+00:00,2.35,2.88,1.7,0.86,-0.53,-0.2,0.58
2026-07-31 12:00:00+00:00,2.47,1.95,1.7,0.86,0.52,-0.2,0.58
2026-07-31 13:00:00+00:00,2.18,1.81,1.84,0.86,0.37,-0.03,0.58
2026-07-31 14:00:00+00:00,2.54,1.38,1.84,0.86,1.16,-0.46,0.58
2026-07-31 15:00:00+00:00,2.27,1.06,1.4,0.86,1.21,-0.34,0.58
2026-07-31 16:00:00+00:00,2.38,1.26,1.4,0.86,1.12,-0.34,0.58
2026-07-31 17:00:00+00:00,2.36,1.74,1.4,0.86,0.62,-0.34,0.58
2026-07-31 18:00:00+00:00,2.35,1.69,1.4,0.86,0.66,-0.34,0.58
2026-07-31 19:00:00+00:00,2.4,1.86,1.4,0.86,0.54,-0.34,0.58
2026-07-31 20:00:00+00:00,2.35,1.64,1.4,0.86,0.71,-0.34,0.58
2026-08-02 22:00:00+00:00,2.01,1.57,1.01,0.86,0.44,0.56,0.58
2026-08-02 23:00:00+00:00,1.73,1.37,1.01,0.86,0.36,0.36,0.58
2026-08-03 00:00:00+00:00,1.86,1.21,1.01,0.86,0.65,0.2,0.58
2026-08-03 01:00:00+00:00,1.58,1.21,1.01,0.86,0.65,0.2,0.58
2026-08-03 02:00:00+00:00,1.76,1.21,1.01,0.86,0.65,0.2,0.58
2026-08-03 03:00:00+00:00,1.71,1.21,1.01,0.86,0.65,0.2,0.58
2026-08-03 04:00:00+00:00,1.77,1.18,1.01,0.86,0.59,0.2,0.58
2026-08-03 05:00:00+00:00,1.65,1.34,1.01,0.86,0.31,0.2,0.58
2026-08-03 06:00:00+00:00,1.67,1.14,1.01,0.86,0.53,0.2,0.58
2026-08-03 07:00:00+00:00,1.74,1.73,1.01,0.86,0.01,0.2,0.58
2026-08-03 08:00:00+00:00,1.87,1.32,1.01,0.86,0.55,0.2,0.58
2026-08-03 09:00:00+00:00,1.89,1.41,1.01,0.86,0.48,0.2,0.58
2026-08-03 10:00:00+00:00,1.7,1.15,1.01,0.86,0.55,0.2,0.58
2026-08-03 11:00:00+00:00,1.65,0.65,1.01,0.86,1.0,0.2,0.58
2026-08-03 12:00:00+00:00,1.65,0.65,1.01,0.86,1.0,0.2,0.58
2026-08-03 13:00:00+00:00,1.72,1.5,1.01,0.86,0.22,0.2,0.58
2026-08-03 14:00:00+00:00,1.97,1.08,1.01,0.86,0.89,0.2,0.58
2026-08-03 15:00:00+00:00,1.67,1.1,1.01,0.86,0.57,0.2,0.58
2026-08-03 16:00:00+00:00,1.85,0.67,1.01,0.86,1.18,0.2,0.58
2026-08-03 17:00:00+00:00,1.81,0.68,1.01,0.86,1.13,0.2,0.58
2026-08-03 18:00:00+00:00,2.04,1.61,1.01,0.86,0.43,0.2,0.58
2026-08-03 19:00:00+00:00,1.86,1.06,1.01,0.86,0.8,0.2,0.58
2026-08-03 20:00:00+00:00,1.75,1.22,1.08,0.86,0.53,0.14,0.58
2026-08-03 22:00:00+00:00,1.76,1.12,1.08,0.86,0.64,0.04,0.58
2026-08-03 23:00:00+00:00,2.25,0.9,1.3,0.86,1.35,-0.4,0.58
2026-08-04 00:00:00+00:00,2.14,1.4,0.78,0.65,0.74,0.62,0.13
2026-08-04 01:00:00+00:00,2.03,1.59,0.78,0.65,0.44,0.81,0.13
2026-08-04 02:00:00+00:00,2.06,1.32,1.29,0.65,0.74,0.03,0.64
2026-08-04 03:00:00+00:00,2.09,1.43,1.29,0.65,0.66,0.03,0.64
2026-08-04 04:00:00+00:00,2.14,1.43,1.29,0.65,0.71,0.03,0.64
2026-08-04 05:00:00+00:00,1.95,1.21,0.96,0.65,0.74,0.25,0.64
2026-08-04 06:00:00+00:00,1.9,0.98,0.96,0.65,0.92,0.02,0.64
2026-08-04 07:00:00+00:00,2.23,0.98,0.96,0.65,1.25,0.02,0.64
2026-08-04 08:00:00+00:00,2.21,0.98,0.96,0.65,1.25,0.02,0.64
2026-08-04 09:00:00+00:00,2.27,1.27,0.96,0.65,1.0,0.02,0.64
2026-08-04 10:00:00+00:00,2.13,1.28,0.96,0.65,0.85,0.02,0.64
2026-08-04 11:00:00+00:00,1.35,0.36,0.96,0.65,0.99,0.02,0.64
2026-08-04 12:00:00+00:00,1.29,1.23,0.96,0.65,0.06,0.02,0.64
2026-08-04 13:00:00+00:00,1.31,-0.19,0.96,0.65,1.5,0.02,0.64
2026-08-04 14:00:00+00:00,1.3,0.58,0.96,0.65,0.72,0.02,0.64
2026-08-04 15:00:00+00:00,1.27,-0.33,0.96,0.65,1.6,0.02,0.64
2026-08-04 16:00:00+00:00,1.14,0.29,0.96,0.65,0.85,0.02,0.64
2026-08-04 17:00:00+00:00,1.38,0.86,0.96,0.65,0.52,0.02,0.64
2026-08-04 18:00:00+00:00,1.14,1.2,0.96,0.65,-0.06,0.02,0.64
2026-08-04 19:00:00+00:00,1.17,1.1,0.3,0.65,0.07,0.8,-0.35
2026-08-04 20:00:00+00:00,0.95,1.1,0.3,0.65,0.07,0.8,-0.35
2026-08-04 22:00:00+00:00,0.86,1.1,0.3,0.65,0.07,0.8,-0.35
2026-08-04 23:00:00+00:00,0.91,1.1,0.3,0.65,0.07,0.8,-0.35
2026-08-05 00:00:00+00:00,1.21,1.1,0.3,0.65,0.07,0.8,-0.35
2026-08-05 01:00:00+00:00,1.24,1.1,0.3,0.65,0.07,0.8,-0.35
2026-08-05 02:00:00+00:00,1.12,1.1,0.3,0.65,0.07,0.8,-0.35
2026-08-05 03:00:00+00:00,1.09,1.1,0.3,0.65,0.07,0.8,-0.35
2026-08-05 04:00:00+00:00,1.2,1.1,0.3,0.65,0.07,0.8,-0.35
2026-08-05 05:00:00+00:00,0.97,0.56,0.3,0.65,0.41,0.8,-0.35
2026-08-05 06:00:00+00:00,1.02,0.91,0.3,0.65,0.11,0.8,-0.35
2026-08-05 07:00:00+00:00,1.45,0.85,0.3,0.65,0.6,0.8,-0.35
2026-08-05 08:00:00+00:00,1.22,1.4,0.3,0.65,-0.18,0.8,-0.35
2026-08-05 09:00:00+00:00,1.56,1.36,0.3,0.65,0.2,0.8,-0.35
2026-08-05 10:00:00+00:00,1.25,1.36,0.3,0.65,0.2,0.8,-0.35
2026-08-05 11:00:00+00:00,1.18,0.92,0.3,0.65,0.26,0.8,-0.35
2026-08-05 12:00:00+00:00,1.49,1.12,0.3,0.65,0.37,0.8,-0.35
2026-08-05 13:00:00+00:00,1.23,0.59,0.3,0.65,0.64,0.8,-0.35
2026-08-05 14:00:00+00:00,1.26,-0.09,0.3,0.65,1.35,0.8,-0.35
2026-08-05 15:00:00+00:00,1.61,0.72,0.3,0.65,0.89,0.8,-0.35
2026-08-05 16:00:00+00:00,1.11,0.65,0.3,0.65,0.46,0.8,-0.35
2026-08-05 17:00:00+00:00,1.49,0.75,0.3,0.65,0.74,0.8,-0.35
2026-08-05 18:00:00+00:00,1.32,1.26,0.3,0.65,0.06,0.8,-0.35
2026-08-05 19:00:00+00:00,1.14,1.1,0.3,0.65,0.04,0.8,-0.35
2026-08-05 20:00:00+00:00,1.35,0.96,0.3,0.65,0.39,0.8,-0.35
2026-08-05 22:00:00+00:00,1.4,0.96,0.3,0.65,0.44,0.8,-0.35
2026-08-05 23:00:00+00:00,1.19,0.96,0.3,0.65,0.23,0.8,-0.35
2026-08-06 00:00:00+00:00,1.25,0.96,0.3,0.65,0.23,0.8,-0.35
2026-08-06 01:00:00+00:00,1.36,1.13,0.3,0.65,0.23,0.8,-0.35
2026-08-06 02:00:00+00:00,1.3,1.08,0.3,0.65,0.22,0.8,-0.35
2026-08-06 03:00:00+00:00,1.24,0.69,0.3,0.65,0.55,0.8,-0.35
2026-08-06 04:00:00+00:00,1.27,0.94,0.3,0.65,0.33,0.8,-0.35
2026-08-06 05:00:00+00:00,1.43,0.9,0.3,0.65,0.53,0.8,-0.35
2026-08-06 06:00:00+00:00,1.19,1.59,0.3,0.65,-0.4,0.8,-0.35
2026-08-06 07:00:00+00:00,1.51,1.59,0.3,0.65,-0.4,0.8,-0.35
2026-08-06 08:00:00+00:00,1.4,1.59,0.3,0.65,-0.4,0.8,-0.35
2026-08-06 09:00:00+00:00,1.24,0.99,0.3,0.65,0.25,0.8,-0.35
2026-08-06 10:00:00+00:00,1.35,1.58,0.3,0.65,-0.23,0.8,-0.35
2026-08-06 11:00:00+00:00,1.0,1.79,0.3,0.65,-0.79,0.8,-0.35
2026-08-06 12:00:00+00:00,1.46,1.25,0.3,0.65,0.21,0.8,-0.35
2026-08-06 13:00:00+00:00,1.42,1.48,0.3,0.65,-0.06,0.8,-0.35
2026-08-06 14:00:00+00:00,1.48,1.6,0.5,0.65,-0.12,1.1,-0.35
2026-08-06 15:00:00+00:00,1.69,1.18,1.42,0.65,0.51,-0.24,-0.35
2026-08-06 16:00:00+00:00,1.81,1.39,1.43,0.65,0.42,-0.04,-0.35
2026-08-06 17:00:00+00:00,1.74,1.07,1.43,0.65,0.67,-0.36,-0.35
2026-08-06 18:00:00+00:00,1.72,1.25,1.43,0.65,0.47,-0.36,-0.35
2026-08-06 19:00:00+00:00,1.47,1.25,1.43,0.65,0.47,-0.36,-0.35
2026-08-06 20:00:00+00:00,2.1,1.15,1.32,0.65,0.95,-0.17,-0.35
2026-08-06 22:00:00+00:00,1.78,1.29,1.32,0.65,0.49,-0.03,-0.35
2026-08-06 23:00:00+00:00,1.77,1.29,1.32,0.65,0.48,-0.03,-0.35
2026-08-07 00:00:00+00:00,1.56,1.29,1.32,0.65,0.48,-0.03,-0.35
2026-08-07 01:00:00+00:00,1.86,1.29,1.32,0.65,0.48,-0.03,-0.35
2026-08-07 02:00:00+00:00,1.79,1.29,1.32,0.65,0.48,-0.03,-0.35
2026-08-07 03:00:00+00:00,1.84,1.29,1.32,0.65,0.48,-0.03,-0.35
2026-08-07 04:00:00+00:00,1.69,1.29,1.32,0.65,0.48,-0.03,-0.35
2026-08-07 05:00:00+00:00,1.64,1.37,1.32,0.65,0.27,-0.03,-0.35
2026-08-07 06:00:00+00:00,1.81,1.47,1.32,0.65,0.34,-0.03,-0.35
2026-08-07 07:00:00+00:00,1.83,1.26,1.32,0.65,0.57,-0.03,-0.35
2026-08-07 08:00:00+00:00,1.75,1.12,1.3,0.65,0.63,-0.18,-0.35
2026-08-07 09:00:00+00:00,1.65,1.12,1.3,0.65,0.63,-0.18,-0.35
2026-08-07 10:00:00+00:00,1.48,1.12,1.3,0.65,0.63,-0.18,-0.35
2026-08-07 11:00:00+00:00,1.62,1.12,1.3,0.65,0.63,-0.18,-0.35
2026-08-07 12:00:00+00:00,1.52,1.12,1.3,0.65,0.63,-0.18,-0.35
2026-08-07 13:00:00+00:00,1.79,1.09,1.07,0.65,0.7,0.02,-0.35
2026-08-07 14:00:00+00:00,1.8,1.36,1.53,0.65,0.44,-0.17,-0.35
2026-08-07 15:00:00+00:00,1.9,1.91,1.53,0.65,-0.01,-0.17,-0.35
2026-08-07 16:00:00+00:00,1.68,2.02,1.53,0.65,-0.34,-0.17,-0.35
2026-08-07 17:00:00+00:00,1.69,1.17,1.03,0.65,0.52,0.14,-0.35
2026-08-07 18:00:00+00:00,1.52,1.37,1.03,0.82,0.15,0.34,0.21
2026-08-07 19:00:00+00:00,0.33,1.31,1.03,0.82,-0.98,0.28,0.21
2026-08-07 20:00:00+00:00,1.66,1.31,1.03,0.82,-0.98,0.28,0.21
2026-08-09 22:00:00+00:00,1.65,1.35,1.03,0.82,0.3,0.32,0.21
2026-08-09 23:00:00+00:00,1.69,1.45,0.97,0.82,0.24,0.48,0.21
2026-08-10 00:00:00+00:00,1.71,1.33,0.89,0.82,0.38,0.44,0.21
2026-08-10 01:00:00+00:00,1.8,1.25,0.89,0.82,0.55,0.44,0.21
2026-08-10 02:00:00+00:00,1.88,1.05,0.89,0.82,0.83,0.44,0.21
2026-08-10 03:00:00+00:00,1.74,1.16,0.89,0.82,0.58,0.44,0.21
2026-08-10 04:00:00+00:00,1.61,1.16,0.89,0.82,0.58,0.44,0.21
2026-08-10 05:00:00+00:00,1.24,1.16,0.89,0.82,0.58,0.44,0.21
2026-08-10 06:00:00+00:00,1.45,1.16,0.89,0.82,0.58,0.44,0.21
2026-08-10 07:00:00+00:00,1.72,1.16,0.89,0.82,0.58,0.44,0.21
2026-08-10 08:00:00+00:00,2.12,1.12,0.89,0.82,1.0,0.44,0.21
2026-08-10 09:00:00+00:00,1.73,1.42,0.89,0.82,0.31,0.44,0.21
2026-08-10 10:00:00+00:00,2.17,1.43,0.89,0.82,0.74,0.44,0.21
2026-08-10 11:00:00+00:00,1.86,1.43,0.89,0.82,0.74,0.44,0.21
2026-08-10 12:00:00+00:00,1.55,1.76,0.89,0.82,-0.21,0.44,0.21
2026-08-10 13:00:00+00:00,1.78,1.56,0.89,0.82,0.22,0.44,0.21
2026-08-10 14:00:00+00:00,1.82,1.52,0.89,0.82,0.3,0.44,0.21
2026-08-10 15:00:00+00:00,1.62,1.39,0.89,0.82,0.23,0.44,0.21
2026-08-10 16:00:00+00:00,1.76,1.65,0.89,0.82,0.11,0.44,0.21
2026-08-10 17:00:00+00:00,1.9,1.43,0.89,0.82,0.47,0.44,0.21
2026-08-10 18:00:00+00:00,1.81,1.4,0.89,0.82,0.41,0.44,0.21
2026-08-10 19:00:00+00:00,1.98,1.39,0.89,0.82,0.59,0.44,0.21
2026-08-10 20:00:00+00:00,1.92,1.39,0.89,0.82,0.59,0.44,0.21
2026-08-10 22:00:00+00:00,1.75,1.39,0.89,0.82,0.59,0.44,0.21
2026-08-10 23:00:00+00:00,1.77,1.39,0.89,0.82,0.59,0.44,0.21
2026-08-11 00:00:00+00:00,1.84,1.71,1.09,0.82,0.13,0.62,0.21
2026-08-11 01:00:00+00:00,1.79,1.94,1.09,0.82,-0.15,0.62,0.21
2026-08-11 02:00:00+00:00,1.87,1.83,1.09,0.82,0.04,0.62,0.21
2026-08-11 03:00:00+00:00,1.85,1.83,1.09,0.82,0.04,0.62,0.21
2026-08-11 04:00:00+00:00,2.05,1.52,1.18,0.82,0.53,0.34,0.21
2026-08-11 05:00:00+00:00,2.16,1.63,1.18,0.82,0.53,0.45,0.21
2026-08-11 06:00:00+00:00,2.05,1.62,2.13,0.82,0.43,-0.51,0.21
2026-08-11 07:00:00+00:00,2.25,1.95,2.13,0.82,0.3,-0.51,0.21
2026-08-11 08:00:00+00:00,2.22,1.82,2.13,0.82,0.4,-0.51,0.21
2026-08-11 09:00:00+00:00,2.31,1.6,2.13,0.82,0.71,-0.51,0.21
2026-08-11 10:00:00+00:00,2.11,1.47,2.13,0.82,0.64,-0.51,0.21
2026-08-11 11:00:00+00:00,1.94,1.8,2.13,0.82,0.14,-0.51,0.21
2026-08-11 12:00:00+00:00,2.08,1.62,2.13,0.82,0.46,-0.51,0.21
2026-08-11 13:00:00+00:00,2.19,1.21,2.13,0.82,0.98,-0.51,0.21
2026-08-11 14:00:00+00:00,2.35,1.99,2.13,0.82,0.36,-0.51,0.21
2026-08-11 15:00:00+00:00,2.27,2.55,2.13,0.82,-0.28,-0.51,0.21
2026-08-11 16:00:00+00:00,2.21,2.44,2.13,0.82,-0.23,-0.51,0.21
2026-08-11 17:00:00+00:00,2.37,2.44,2.13,0.82,-0.23,-0.51,0.21
2026-08-11 18:00:00+00:00,2.13,2.44,2.13,0.82,-0.23,-0.51,0.21
2026-08-11 19:00:00+00:00,2.43,2.44,2.13,0.82,-0.23,-0.51,0.21
2026-08-11 20:00:00+00:00,1.97,2.44,2.13,0.82,-0.23,-0.51,0.21
2026-08-11 22:00:00+00:00,2.16,2.44,2.13,0.82,-0.23,-0.51,0.21
2026-08-11 23:00:00+00:00,2.04,2.44,2.13,0.82,-0.23,-0.51,0.21
2026-08-12 00:00:00+00:00,2.23,2.44,2.13,0.82,-0.23,-0.51,0.21
2026-08-12 01:00:00+00:00,2.05,2.44,2.13,0.82,-0.23,-0.51,0.21
2026-08-12 02:00:00+00:00,2.34,2.44,2.13,0.82,-0.23,-0.51,0.21
2026-08-12 03:00:00+00:00,2.3,1.91,1.41,0.82,0.39,0.5,0.21
2026-08-12 04:00:00+00:00,1.79,2.04,1.28,0.82,-0.25,0.76,0.21
2026-08-12 05:00:00+00:00,2.69,1.4,1.28,0.82,1.29,0.12,0.21
2026-08-12 06:00:00+00:00,2.44,1.31,1.28,0.82,1.13,0.12,0.21
2026-08-12 07:00:00+00:00,2.44,1.31,1.28,0.82,1.13,0.12,0.21
2026-08-12 08:00:00+00:00,2.16,1.82,1.28,0.82,0.34,0.12,0.21
2026-08-12 09:00:00+00:00,2.03,1.93,1.28,0.82,0.1,0.12,0.21
2026-08-12 10:00:00+00:00,2.12,2.17,1.28,0.82,-0.05,0.12,0.21
2026-08-12 11:00:00+00:00,2.36,2.08,1.15,0.82,0.28,0.93,0.21
2026-08-12 12:00:00+00:00,1.86,2.08,1.15,0.82,0.28,0.93,0.21
2026-08-12 13:00:00+00:00,2.23,2.08,1.15,0.82,0.28,0.93,0.21
2026-08-12 14:00:00+00:00,2.2,2.08,1.15,0.82,0.28,0.93,0.21
2026-08-12 15:00:00+00:00,2.27,1.92,1.15,0.82,0.35,0.93,0.21
2026-08-12 16:00:00+00:00,2.13,1.72,1.15,0.82,0.41,0.93,0.21
2026-08-12 17:00:00+00:00,2.15,2.04,1.15,0.82,0.11,0.93,0.21
2026-08-12 18:00:00+00:00,2.11,1.78,1.15,0.82,0.33,0.93,0.21
2026-08-12 19:00:00+00:00,1.96,1.72,1.15,0.82,0.24,0.93,0.21
2026-08-12 20:00:00+00:00,2.02,1.37,1.15,0.82,0.65,0.93,0.21
2026-08-12 22:00:00+00:00,2.11,1.37,1.15,0.82,0.74,0.93,0.21
2026-08-12 23:00:00+00:00,1.99,1.37,1.15,0.82,0.74,0.93,0.21
2026-08-13 00:00:00+00:00,1.79,1.37,1.15,0.82,0.74,0.93,0.21
2026-08-13 01:00:00+00:00,2.16,1.37,1.15,0.82,0.74,0.93,0.21
2026-08-13 02:00:00+00:00,2.08,1.37,1.15,0.82,0.74,0.93,0.21
2026-08-13 03:00:00+00:00,2.37,1.37,1.15,0.82,0.74,0.93,0.21
2026-08-13 04:00:00+00:00,2.6,1.37,1.15,0.82,0.74,0.93,0.21
2026-08-13 05:00:00+00:00,2.04,1.37,1.15,0.82,0.74,0.93,0.21
2026-08-13 06:00:00+00:00,1.99,1.65,1.3,0.82,0.34,0.35,0.21
2026-08-13 07:00:00+00:00,2.14,1.7,0.77,0.82,0.44,0.93,0.21
2026-08-13 08:00:00+00:00,1.96,1.37,0.77,0.82,0.59,0.6,0.21
2026-08-13 09:00:00+00:00,2.11,1.24,1.67,0.82,0.87,-0.43,0.21
2026-08-13 10:00:00+00:00,1.88,1.24,1.67,0.82,0.87,-0.43,0.21
2026-08-13 11:00:00+00:00,2.11,1.24,1.67,0.82,0.87,-0.43,0.21
2026-08-13 12:00:00+00:00,1.8,1.48,1.4,0.82,0.32,0.08,0.21
2026-08-13 13:00:00+00:00,1.33,1.36,1.4,0.82,-0.03,-0.04,0.21
2026-08-13 14:00:00+00:00,2.01,1.21,1.4,0.82,0.8,-0.19,0.21
2026-08-13 15:00:00+00:00,2.17,1.21,1.4,0.82,0.8,-0.19,0.21
2026-08-13 16:00:00+00:00,1.94,1.21,1.4,0.82,0.8,-0.19,0.21
2026-08-13 17:00:00+00:00,1.87,1.6,1.4,0.82,0.27,-0.19,0.21
2026-08-13 18:00:00+00:00,1.68,1.18,1.4,0.82,0.5,-0.19,0.21
2026-08-13 19:00:00+00:00,1.98,0.93,1.4,0.82,1.05,-0.19,0.21
2026-08-13 20:00:00+00:00,1.91,0.93,1.4,0.82,1.05,-0.19,0.21
2026-08-13 22:00:00+00:00,1.87,0.93,1.4,0.82,1.05,-0.19,0.21
2026-08-13 23:00:00+00:00,2.12,0.93,1.4,0.82,1.05,-0.19,0.21
2026-08-14 00:00:00+00:00,1.89,0.93,1.4,0.82,1.05,-0.19,0.21
2026-08-14 01:00:00+00:00,1.72,0.93,1.4,0.82,1.05,-0.19,0.21
2026-08-14 02:00:00+00:00,2.33,0.93,1.4,0.82,1.05,-0.19,0.21
2026-08-14 03:00:00+00:00,1.8,0.93,1.4,0.82,1.05,-0.19,0.21
2026-08-14 04:00:00+00:00,1.85,0.93,1.4,0.82,1.05,-0.19,0.21
2026-08-14 05:00:00+00:00,2.47,0.93,1.4,0.82,1.05,-0.19,0.21
2026-08-14 06:00:00+00:00,2.59,0.93,1.4,0.82,1.05,-0.19,0.21
2026-08-14 07:00:00+00:00,2.2,1.54,1.4,0.82,0.66,-0.19,0.21
2026-08-14 08:00:00+00:00,2.2,0.94,1.4,0.82,1.26,-0.19,0.21
2026-08-14 09:00:00+00:00,1.93,0.76,1.4,0.82,1.17,-0.19,0.21
2026-08-14 10:00:00+00:00,2.05,0.76,1.4,0.82,1.17,-0.19,0.21
2026-08-14 11:00:00+00:00,2.07,0.76,1.4,0.82,1.17,-0.19,0.21
2026-08-14 12:00:00+00:00,2.1,0.76,1.4,0.82,1.17,-0.19,0.21
2026-08-14 13:00:00+00:00,1.98,0.76,1.4,1.06,1.17,-0.19,0.21
2026-08-14 14:00:00+00:00,2.15,0.76,1.4,1.98,1.17,-0.19,0.21
2026-08-14 15:00:00+00:00,2.12,0.76,1.4,1.98,1.17,-0.19,0.21
2026-08-14 16:00:00+00:00,2.16,0.76,1.4,1.98,1.17,-0.19,0.21
2026-08-14 17:00:00+00:00,2.17,0.76,1.4,1.98,1.17,-0.19,0.21
2026-08-14 18:00:00+00:00,2.22,0.76,1.4,1.98,1.17,-0.19,0.21
2026-08-14 19:00:00+00:00,2.13,1.75,1.4,1.98,0.38,-0.19,0.21
2026-08-14 20:00:00+00:00,2.18,1.75,1.4,1.98,0.43,-0.19,0.21
2026-08-16 22:00:00+00:00,2.2,1.75,1.4,1.98,0.45,-0.19,0.21
2026-08-16 23:00:00+00:00,2.2,1.75,1.4,1.98,0.45,-0.19,0.21
2026-08-17 00:00:00+00:00,2.2,1.75,1.4,1.98,0.45,-0.19,0.21
2026-08-17 01:00:00+00:00,2.31,1.75,1.4,1.98,0.45,-0.19,0.21
2026-08-17 02:00:00+00:00,2.06,1.75,1.4,1.98,0.45,-0.19,0.21
2026-08-17 03:00:00+00:00,2.13,1.75,1.4,1.98,0.45,-0.19,0.21
2026-08-17 04:00:00+00:00,2.15,1.75,1.4,1.98,0.45,-0.19,0.21
2026-08-17 05:00:00+00:00,2.16,1.75,1.4,1.98,0.45,-0.19,0.21
2026-08-17 06:00:00+00:00,2.18,1.75,1.4,1.98,0.45,-0.19,0.21
2026-08-17 07:00:00+00:00,2.15,1.75,1.4,1.98,0.45,-0.19,0.21
2026-08-17 08:00:00+00:00,2.35,1.75,1.4,1.0,0.45,-0.19,0.21
2026-08-17 09:00:00+00:00,2.25,1.84,1.68,0.77,0.41,0.16,0.91
2026-08-17 10:00:00+00:00,2.49,1.46,1.68,0.77,1.03,-0.22,0.91
2026-08-17 11:00:00+00:00,2.18,1.65,1.68,0.77,0.53,-0.22,0.91
2026-08-17 12:00:00+00:00,2.33,2.03,1.68,0.77,0.3,-0.22,0.91
2026-08-17 13:00:00+00:00,2.14,1.74,1.68,0.77,0.4,-0.22,0.91
2026-08-17 14:00:00+00:00,1.8,1.74,1.68,0.77,0.06,-0.22,0.91
2026-08-17 15:00:00+00:00,2.13,1.81,1.68,0.77,0.32,-0.22,0.91
2026-08-17 16:00:00+00:00,2.04,2.05,1.68,0.77,-0.01,-0.22,0.91
2026-08-17 17:00:00+00:00,2.2,2.02,1.68,0.77,0.18,-0.22,0.91
2026-08-17 18:00:00+00:00,2.13,1.88,1.68,0.77,0.25,-0.22,0.91
2026-08-17 19:00:00+00:00,2.38,1.88,1.68,0.77,0.5,-0.22,0.91
2026-08-17 20:00:00+00:00,2.26,1.93,1.68,0.77,0.33,-0.22,0.91
2026-08-17 22:00:00+00:00,2.1,2.11,1.68,0.77,-0.01,-0.22,0.91
2026-08-17 23:00:00+00:00,2.12,2.03,1.68,0.77,0.09,-0.22,0.91
2026-08-18 00:00:00+00:00,1.92,2.03,1.68,0.77,0.09,-0.22,0.91
2026-08-18 01:00:00+00:00,2.06,2.03,1.68,0.77,0.09,-0.22,0.91
2026-08-18 02:00:00+00:00,2.32,2.03,1.68,0.77,0.09,-0.22,0.91
2026-08-18 03:00:00+00:00,2.34,2.03,1.68,0.77,0.09,-0.22,0.91
2026-08-18 04:00:00+00:00,2.24,2.03,1.68,0.77,0.09,-0.22,0.91
2026-08-18 05:00:00+00:00,2.04,2.03,1.68,0.77,0.09,-0.22,0.91
2026-08-18 06:00:00+00:00,1.97,2.03,1.68,0.77,0.09,-0.22,0.91
2026-08-18 07:00:00+00:00,2.53,2.03,1.68,0.77,0.09,-0.22,0.91
2026-08-18 08:00:00+00:00,2.18,2.03,1.68,0.77,0.09,-0.22,0.91
2026-08-18 09:00:00+00:00,2.2,2.03,1.68,0.77,0.09,-0.22,0.91
2026-08-18 10:00:00+00:00,2.13,2.03,1.68,0.77,0.09,-0.22,0.91
2026-08-18 11:00:00+00:00,2.4,2.03,1.68,0.77,0.09,-0.22,0.91
2026-08-18 12:00:00+00:00,2.1,2.03,1.68,0.77,0.09,-0.22,0.91
2026-08-18 13:00:00+00:00,2.54,2.03,1.68,0.77,0.09,-0.22,0.91
2026-08-18 14:00:00+00:00,2.18,2.23,1.68,0.77,-0.05,-0.22,0.91
2026-08-18 15:00:00+00:00,2.13,1.98,1.68,0.77,0.15,-0.22,0.91
2026-08-18 16:00:00+00:00,2.09,1.62,1.68,0.77,0.47,-0.22,0.91
2026-08-18 17:00:00+00:00,1.98,1.52,1.68,0.77,0.46,-0.22,0.91
2026-08-18 18:00:00+00:00,2.04,1.75,1.68,0.77,0.29,-0.22,0.91
2026-08-18 19:00:00+00:00,2.03,1.78,1.68,0.77,0.25,-0.22,0.91
2026-08-18 20:00:00+00:00,2.01,2.07,1.68,0.77,-0.06,-0.22,0.91
2026-08-18 22:00:00+00:00,2.09,2.07,1.68,0.77,0.02,-0.22,0.91
2026-08-18 23:00:00+00:00,2.07,2.07,1.68,0.77,0.02,-0.22,0.91
2026-08-19 00:00:00+00:00,2.08,2.07,1.68,0.77,0.02,-0.22,0.91
2026-08-19 01:00:00+00:00,1.98,2.07,1.68,0.77,0.02,-0.22,0.91
2026-08-19 02:00:00+00:00,2.11,2.07,1.68,0.77,0.02,-0.22,0.91
2026-08-19 03:00:00+00:00,2.02,2.07,1.68,0.77,0.02,-0.22,0.91
2026-08-19 04:00:00+00:00,1.95,2.07,1.68,0.77,0.02,-0.22,0.91
2026-08-19 05:00:00+00:00,2.13,2.07,1.68,0.77,0.02,-0.22,0.91
2026-08-19 06:00:00+00:00,1.93,2.07,1.68,0.77,0.02,-0.22,0.91
2026-08-19 07:00:00+00:00,2.03,2.07,1.68,0.77,0.02,-0.22,0.91
2026-08-19 08:00:00+00:00,2.08,1.84,1.68,0.77,0.24,-0.22,0.91
2026-08-19 09:00:00+00:00,2.15,1.85,1.44,0.77,0.3,0.41,0.91
2026-08-19 10:00:00+00:00,2.06,1.76,1.44,0.77,0.3,0.32,0.91
2026-08-19 11:00:00+00:00,2.07,1.45,1.44,0.77,0.62,0.01,0.91
2026-08-19 12:00:00+00:00,2.14,1.45,1.44,0.77,0.62,0.01,0.91
2026-08-19 13:00:00+00:00,2.18,2.0,1.44,0.77,0.18,0.01,0.91
2026-08-19 14:00:00+00:00,2.11,2.23,1.44,0.77,-0.12,0.01,0.91
2026-08-19 15:00:00+00:00,2.48,2.22,1.44,0.77,0.26,0.01,0.91
2026-08-19 16:00:00+00:00,2.46,2.51,1.44,0.77,-0.05,0.01,0.91
2026-08-19 17:00:00+00:00,2.6,2.51,1.44,0.77,-0.05,0.01,0.91
2026-08-19 18:00:00+00:00,2.36,2.19,1.44,0.77,0.17,0.01,0.91
2026-08-19 19:00:00+00:00,2.55,1.87,1.44,0.77,0.68,0.01,0.91
2026-08-19 20:00:00+00:00,2.45,2.06,1.44,0.77,0.39,0.01,0.91
2026-08-19 22:00:00+00:00,2.49,2.06,1.44,0.77,0.39,0.01,0.91
2026-08-19 23:00:00+00:00,2.47,2.06,1.44,0.77,0.39,0.01,0.91
2026-08-20 00:00:00+00:00,2.47,2.06,1.44,0.77,0.39,0.01,0.91
2026-08-20 01:00:00+00:00,2.72,2.09,1.44,0.77,0.63,0.01,0.91
2026-08-20 02:00:00+00:00,2.72,2.15,1.64,0.77,0.57,0.51,0.91
2026-08-20 03:00:00+00:00,2.7,2.34,1.58,0.77,0.36,0.76,0.91
2026-08-20 04:00:00+00:00,2.69,2.34,1.58,0.77,0.35,0.76,0.91
2026-08-20 05:00:00+00:00,2.81,2.38,1.58,0.77,0.43,0.8,0.91
2026-08-20 06:00:00+00:00,2.72,2.16,1.58,0.77,0.56,0.8,0.91
2026-08-20 07:00:00+00:00,2.7,2.5,1.58,0.77,0.2,0.8,0.91
2026-08-20 08:00:00+00:00,2.84,3.09,1.58,0.77,-0.25,0.8,0.91
2026-08-20 09:00:00+00:00,2.85,2.54,1.58,0.77,0.31,0.8,0.91
2026-08-20 10:00:00+00:00,2.84,2.44,1.58,0.77,0.4,0.8,0.91
2026-08-20 11:00:00+00:00,2.91,2.84,1.58,0.77,0.07,0.8,0.91
2026-08-20 12:00:00+00:00,2.72,2.0,1.58,0.77,0.72,0.8,0.91
2026-08-20 13:00:00+00:00,2.87,2.05,1.58,0.77,0.82,0.8,0.91
2026-08-20 14:00:00+00:00,2.74,1.73,1.58,0.77,1.01,0.8,0.91
2026-08-20 15:00:00+00:00,2.7,2.26,1.58,0.77,0.44,0.8,0.91
2026-08-20 16:00:00+00:00,2.51,2.26,1.58,0.77,0.44,0.8,0.91
2026-08-20 17:00:00+00:00,2.67,2.29,1.58,0.77,0.38,0.8,0.91
2026-08-20 18:00:00+00:00,2.61,2.61,1.58,0.77,0.0,0.8,0.91
2026-08-20 19:00:00+00:00,2.71,2.29,1.58,0.77,0.42,0.8,0.91
2026-08-20 20:00:00+00:00,2.68,2.29,1.58,0.77,0.42,0.8,0.91
2026-08-20 22:00:00+00:00,2.72,2.29,1.58,0.77,0.42,0.8,0.91
2026-08-20 23:00:00+00:00,2.64,2.29,1.58,0.77,0.42,0.8,0.91
2026-08-21 00:00:00+00:00,2.8,2.29,1.58,0.77,0.42,0.8,0.91
2026-08-21 01:00:00+00:00,2.67,2.29,1.58,0.77,0.42,0.8,0.91
2026-08-21 02:00:00+00:00,2.59,2.29,1.58,0.77,0.42,0.8,0.91
2026-08-21 03:00:00+00:00,2.66,2.29,1.58,0.77,0.42,0.8,0.91
2026-08-21 04:00:00+00:00,2.63,2.29,1.58,0.77,0.42,0.8,0.91
2026-08-21 05:00:00+00:00,2.66,2.29,1.58,0.77,0.42,0.8,0.91
2026-08-21 06:00:00+00:00,2.63,2.2,1.72,0.77,0.43,0.48,0.91
2026-08-21 07:00:00+00:00,2.69,2.22,1.72,0.77,0.47,0.5,0.91
2026-08-21 08:00:00+00:00,2.6,1.9,1.72,0.77,0.7,0.18,0.91
2026-08-21 09:00:00+00:00,2.66,2.44,1.72,0.77,0.22,0.18,0.91
2026-08-21 10:00:00+00:00,2.61,2.26,1.72,0.77,0.35,0.18,0.91
2026-08-21 11:00:00+00:00,2.75,2.16,1.72,0.77,0.59,0.18,0.91
2026-08-21 12:00:00+00:00,2.5,2.44,1.72,0.77,0.06,0.18,0.91
2026-08-21 13:00:00+00:00,2.64,1.86,1.72,0.77,0.78,0.18,0.91
2026-08-21 14:00:00+00:00,2.57,2.2,1.72,0.77,0.37,0.18,0.91
2026-08-21 15:00:00+00:00,2.71,2.23,2.06,1.37,0.48,0.17,0.69
2026-08-21 16:00:00+00:00,2.74,2.23,2.06,1.37,0.48,0.17,0.69
2026-08-21 17:00:00+00:00,2.8,2.23,2.06,1.37,0.48,0.17,0.69
2026-08-21 18:00:00+00:00,2.69,2.26,1.77,1.51,0.43,0.49,0.26
2026-08-21 19:00:00+00:00,2.64,1.88,1.87,1.51,0.76,0.01,0.36
2026-08-21 20:00:00+00:00,2.68,2.32,1.87,1.51,0.36,0.01,0.36
2026-08-23 22:00:00+00:00,2.59,1.55,1.87,1.51,1.04,0.01,0.36
2026-08-23 23:00:00+00:00,2.6,1.55,1.87,1.51,1.04,0.01,0.36
2026-08-24 00:00:00+00:00,2.62,1.55,1.87,1.51,1.04,0.01,0.36
2026-08-24 01:00:00+00:00,2.73,2.17,1.58,1.51,0.56,0.59,0.36
2026-08-24 02:00:00+00:00,2.73,2.62,1.58,1.51,0.11,1.04,0.36
2026-08-24 03:00:00+00:00,2.67,2.64,1.58,1.51,0.03,1.06,0.36
2026-08-24 04:00:00+00:00,2.73,2.64,1.58,1.51,0.03,1.06,0.36
2026-08-24 05:00:00+00:00,2.64,2.64,1.58,1.51,0.03,1.06,0.36
2026-08-24 06:00:00+00:00,2.55,2.64,1.58,1.51,0.03,1.06,0.36
2026-08-24 07:00:00+00:00,2.79,2.64,1.58,1.51,0.03,1.06,0.36
2026-08-24 08:00:00+00:00,2.86,2.64,1.58,1.51,0.03,1.06,0.36
2026-08-24 09:00:00+00:00,2.67,2.64,1.58,1.51,0.03,1.06,0.36
2026-08-24 10:00:00+00:00,2.78,2.64,1.58,1.51,0.03,1.06,0.36
2026-08-24 11:00:00+00:00,2.83,2.22,1.58,1.51,0.61,1.06,0.36
2026-08-24 12:00:00+00:00,2.69,2.2,1.58,1.51,0.49,1.06,0.36
2026-08-24 13:00:00+00:00,2.63,2.14,1.58,1.51,0.49,1.06,0.36
2026-08-24 14:00:00+00:00,2.66,1.68,1.58,1.51,0.98,1.06,0.36
2026-08-24 15:00:00+00:00,2.58,2.18,1.58,1.51,0.4,1.06,0.36
2026-08-24 16:00:00+00:00,2.53,2.37,1.58,1.51,0.16,1.06,0.36
2026-08-24 17:00:00+00:00,2.47,2.15,1.58,1.51,0.32,1.06,0.36
2026-08-24 18:00:00+00:00,2.45,2.47,1.58,1.51,-0.02,1.06,0.36
2026-08-24 19:00:00+00:00,2.34,2.41,1.58,1.51,-0.07,1.06,0.36
2026-08-24 20:00:00+00:00,2.34,2.41,1.58,1.51,-0.07,1.06,0.36
2026-08-24 22:00:00+00:00,2.44,2.41,1.58,1.51,-0.07,1.06,0.36
2026-08-24 23:00:00+00:00,2.53,2.41,1.58,1.51,-0.07,1.06,0.36
2026-08-25 00:00:00+00:00,2.44,1.72,1.58,1.51,0.72,1.06,0.36
2026-08-25 01:00:00+00:00,2.38,2.45,1.4,1.51,-0.07,1.05,0.36
2026-08-25 02:00:00+00:00,2.41,2.1,1.75,1.51,0.31,0.35,0.36
2026-08-25 03:00:00+00:00,2.36,1.98,1.87,1.51,0.38,0.11,0.36
2026-08-25 04:00:00+00:00,2.37,1.66,1.87,1.51,0.71,-0.21,0.36
2026-08-25 05:00:00+00:00,2.47,1.66,1.87,1.51,0.71,-0.21,0.36
2026-08-25 06:00:00+00:00,2.39,1.66,1.87,1.51,0.71,-0.21,0.36
2026-08-25 07:00:00+00:00,2.32,1.66,1.87,1.51,0.71,-0.21,0.36
2026-08-25 08:00:00+00:00,2.13,2.0,1.87,1.51,0.13,-0.21,0.36
2026-08-25 09:00:00+00:00,2.04,1.52,1.87,1.51,0.52,-0.21,0.36
2026-08-25 10:00:00+00:00,2.09,1.88,1.87,1.51,0.21,-0.21,0.36
2026-08-25 11:00:00+00:00,2.05,1.8,1.87,1.51,0.25,-0.21,0.36
2026-08-25 12:00:00+00:00,2.1,1.77,1.87,1.51,0.33,-0.21,0.36
2026-08-25 13:00:00+00:00,2.17,1.82,1.87,1.51,0.35,-0.21,0.36
2026-08-25 14:00:00+00:00,2.14,1.77,1.52,1.51,0.37,0.25,0.36
2026-08-25 15:00:00+00:00,2.11,1.92,0.8,1.51,0.19,1.12,0.36
2026-08-25 16:00:00+00:00,2.14,1.72,0.8,1.51,0.42,0.92,0.36
2026-08-25 17:00:00+00:00,2.11,1.8,0.8,1.51,0.31,0.92,0.36
2026-08-25 18:00:00+00:00,2.02,1.71,0.8,1.51,0.31,0.92,0.36
2026-08-25 19:00:00+00:00,1.84,1.63,0.8,1.51,0.21,0.92,0.36
2026-08-25 20:00:00+00:00,1.81,2.14,0.8,1.51,-0.33,0.92,0.36
2026-08-25 22:00:00+00:00,1.89,1.61,0.8,1.51,0.28,0.92,0.36
2026-08-25 23:00:00+00:00,1.86,1.61,0.8,1.51,0.25,0.92,0.36
2026-08-26 00:00:00+00:00,1.73,1.47,0.8,1.51,0.26,0.92,0.36
2026-08-26 01:00:00+00:00,1.73,1.8,0.8,1.51,-0.07,0.92,0.36
2026-08-26 02:00:00+00:00,1.95,1.54,0.8,1.51,0.41,0.92,0.36
2026-08-26 03:00:00+00:00,1.84,1.47,0.8,1.51,0.37,0.92,0.36
2026-08-26 04:00:00+00:00,1.96,1.47,0.8,1.51,0.37,0.92,0.36
2026-08-26 05:00:00+00:00,1.92,1.47,0.8,1.51,0.37,0.92,0.36
2026-08-26 06:00:00+00:00,1.95,1.47,0.8,1.51,0.37,0.92,0.36
2026-08-26 07:00:00+00:00,1.76,1.11,0.8,1.51,0.65,0.92,0.36
2026-08-26 08:00:00+00:00,1.72,1.62,0.8,1.51,0.1,0.92,0.36
2026-08-26 09:00:00+00:00,1.78,1.28,0.8,1.51,0.5,0.92,0.36
2026-08-26 10:00:00+00:00,1.72,1.44,0.8,1.51,0.28,0.92,0.36
2026-08-26 11:00:00+00:00,1.76,1.83,0.8,1.51,-0.07,0.92,0.36
2026-08-26 12:00:00+00:00,1.77,1.68,0.8,1.51,0.09,0.92,0.36
2026-08-26 13:00:00+00:00,1.86,1.74,1.56,1.51,0.12,0.18,0.36
2026-08-26 14:00:00+00:00,1.85,1.75,1.82,1.51,0.1,-0.07,0.36
2026-08-26 15:00:00+00:00,2.02,2.12,1.42,0.84,-0.1,0.7,0.58
2026-08-26 16:00:00+00:00,1.99,1.96,1.42,0.84,0.03,0.54,0.58
2026-08-26 17:00:00+00:00,1.88,1.8,1.42,0.84,0.08,0.38,0.58
2026-08-26 18:00:00+00:00,1.88,1.13,1.42,0.84,0.75,0.38,0.58
2026-08-26 19:00:00+00:00,1.87,1.57,1.46,0.84,0.3,0.11,0.58
2026-08-26 20:00:00+00:00,1.94,1.48,1.59,0.84,0.46,-0.11,0.58
2026-08-26 22:00:00+00:00,1.75,1.67,1.59,0.84,0.08,0.08,0.58
2026-08-26 23:00:00+00:00,1.72,1.67,1.59,0.84,0.08,0.08,0.58
2026-08-27 00:00:00+00:00,1.83,1.67,1.59,0.84,0.08,0.08,0.58
2026-08-27 01:00:00+00:00,1.72,1.74,1.2,0.84,-0.02,0.54,0.58
2026-08-27 02:00:00+00:00,1.81,1.61,1.43,0.84,0.2,0.18,0.58
2026-08-27 03:00:00+00:00,1.81,1.8,1.63,0.84,0.01,0.17,0.58
2026-08-27 04:00:00+00:00,1.8,1.8,1.63,0.84,0.0,0.17,0.58
2026-08-27 05:00:00+00:00,1.83,1.46,1.63,0.84,0.37,0.17,0.58
2026-08-27 06:00:00+00:00,1.8,1.46,1.44,0.84,0.34,0.02,0.58
2026-08-27 07:00:00+00:00,1.84,2.19,1.02,0.84,-0.35,1.17,0.58
2026-08-27 08:00:00+00:00,1.87,2.61,1.02,0.84,-0.74,1.59,0.58
2026-08-27 09:00:00+00:00,1.92,3.14,0.21,0.84,-1.22,2.93,0.58
2026-08-27 10:00:00+00:00,1.9,3.14,0.21,0.84,-1.22,2.93,0.58
2026-08-27 11:00:00+00:00,1.99,3.14,0.21,0.84,-1.22,2.93,0.58
2026-08-27 12:00:00+00:00,2.09,1.86,0.21,0.84,0.23,2.93,0.58
2026-08-27 13:00:00+00:00,2.23,1.94,1.59,0.84,0.29,0.35,0.58
2026-08-27 14:00:00+00:00,2.16,1.65,0.93,0.84,0.51,0.72,0.58
2026-08-27 15:00:00+00:00,2.16,1.95,1.3,0.84,0.21,0.65,0.58
2026-08-27 16:00:00+00:00,2.16,2.07,1.27,0.84,0.09,0.8,0.58
2026-08-27 17:00:00+00:00,2.15,3.33,1.27,0.84,-1.18,0.8,0.58
2026-08-27 18:00:00+00:00,2.25,2.0,1.27,0.84,0.25,0.8,0.58
2026-08-27 19:00:00+00:00,2.27,1.85,1.27,0.84,0.42,0.8,0.58
2026-08-27 20:00:00+00:00,2.4,1.68,1.27,0.84,0.72,0.8,0.58
2026-08-27 22:00:00+00:00,2.35,1.68,1.27,0.84,0.72,0.8,0.58
2026-08-27 23:00:00+00:00,2.32,1.68,1.27,0.84,0.72,0.8,0.58
2026-08-28 00:00:00+00:00,2.26,1.68,1.27,0.84,0.72,0.8,0.58
2026-08-28 01:00:00+00:00,2.25,2.19,1.27,0.84,0.06,0.8,0.58
2026-08-28 02:00:00+00:00,2.04,2.47,1.27,0.84,-0.43,0.8,0.58
2026-08-28 03:00:00+00:00,2.25,2.21,1.27,0.84,0.04,0.8,0.58
2026-08-28 04:00:00+00:00,2.38,2.21,1.27,0.84,0.04,0.8,0.58
2026-08-28 05:00:00+00:00,2.34,2.21,1.27,0.84,0.04,0.8,0.58
2026-08-28 06:00:00+00:00,2.3,2.21,1.27,0.84,0.04,0.8,0.58
2026-08-28 07:00:00+00:00,2.31,2.21,1.27,0.84,0.04,0.8,0.58
2026-08-28 08:00:00+00:00,2.38,2.73,1.39,0.84,-0.35,1.34,0.58
2026-08-28 09:00:00+00:00,2.36,2.46,1.39,0.84,-0.1,1.07,0.58
2026-08-28 10:00:00+00:00,2.38,2.67,1.39,0.84,-0.29,1.28,0.58
2026-08-28 11:00:00+00:00,2.23,2.67,1.39,0.84,-0.29,1.28,0.58
2026-08-28 12:00:00+00:00,2.17,2.67,1.39,0.84,-0.29,1.28,0.58
2026-08-28 13:00:00+00:00,2.18,2.67,1.39,0.84,-0.29,1.28,0.58
2026-08-28 14:00:00+00:00,2.17,2.13,1.61,0.84,0.04,0.52,0.58
2026-08-28 15:00:00+00:00,2.12,2.18,1.61,0.84,-0.06,0.57,0.58
2026-08-28 16:00:00+00:00,2.18,2.26,1.76,0.84,-0.08,0.5,0.58
2026-08-28 17:00:00+00:00,2.03,2.11,1.48,0.84,-0.08,0.63,0.58
2026-08-28 18:00:00+00:00,1.99,1.72,1.67,0.84,0.27,0.05,0.58
2026-08-28 19:00:00+00:00,2.01,2.17,1.48,0.84,-0.16,0.69,0.58
2026-08-28 20:00:00+00:00,1.98,1.96,1.48,0.84,0.02,0.69,0.58
2026-08-30 22:00:00+00:00,2.24,2.16,1.48,0.84,0.08,0.69,0.58
2026-08-30 23:00:00+00:00,2.35,1.93,1.48,0.84,0.42,0.69,0.58
2026-08-31 00:00:00+00:00,2.15,2.02,1.48,0.84,0.13,0.69,0.58
2026-08-31 01:00:00+00:00,2.17,2.54,1.48,0.84,-0.37,0.69,0.58
2026-08-31 02:00:00+00:00,2.18,1.91,1.48,0.84,0.27,0.69,0.58
2026-08-31 03:00:00+00:00,2.14,1.97,1.48,0.84,0.17,0.69,0.58
2026-08-31 04:00:00+00:00,2.23,2.06,1.48,0.84,0.17,0.69,0.58
2026-08-31 05:00:00+00:00,2.23,2.06,1.48,0.84,0.17,0.69,0.58
2026-08-31 06:00:00+00:00,2.24,2.12,1.48,0.84,0.12,0.69,0.58
2026-08-31 07:00:00+00:00,2.34,2.35,1.48,0.84,-0.01,0.69,0.58
2026-08-31 08:00:00+00:00,2.37,2.55,1.48,0.84,-0.18,0.69,0.58
2026-08-31 09:00:00+00:00,2.36,2.49,1.48,0.84,-0.13,0.69,0.58
2026-08-31 10:00:00+00:00,2.28,2.29,1.48,0.84,-0.01,0.69,0.58
2026-08-31 11:00:00+00:00,2.35,2.29,1.48,0.84,-0.01,0.69,0.58
2026-08-31 12:00:00+00:00,2.24,2.2,1.48,0.84,0.04,0.69,0.58
2026-08-31 13:00:00+00:00,2.28,2.5,1.48,0.84,-0.22,0.69,0.58
2026-08-31 14:00:00+00:00,2.22,1.97,1.48,0.84,0.25,0.69,0.58
2026-08-31 15:00:00+00:00,2.13,2.18,1.48,0.84,-0.05,0.69,0.58
2026-08-31 16:00:00+00:00,2.15,2.19,1.48,0.84,-0.04,0.69,0.58
2026-08-31 17:00:00+00:00,2.08,2.13,1.48,0.84,-0.05,0.69,0.58
2026-08-31 18:00:00+00:00,2.13,1.88,1.48,0.84,0.25,0.69,0.58
2026-08-31 19:00:00+00:00,2.18,2.11,1.48,0.84,0.07,0.69,0.58
2026-08-31 20:00:00+00:00,2.21,2.32,1.48,0.84,-0.11,0.69,0.58
2026-08-31 22:00:00+00:00,2.26,2.32,1.48,0.84,-0.11,0.69,0.58
2026-08-31 23:00:00+00:00,2.3,2.32,1.48,0.84,-0.11,0.69,0.58
2026-09-01 00:00:00+00:00,2.23,2.32,1.48,0.84,-0.11,0.69,0.58
2026-09-01 01:00:00+00:00,2.21,2.32,1.48,0.84,-0.11,0.69,0.58
2026-09-01 02:00:00+00:00,2.26,2.32,1.48,0.84,-0.11,0.69,0.58
2026-09-01 03:00:00+00:00,2.25,2.32,1.48,0.84,-0.11,0.69,0.58
2026-09-01 04:00:00+00:00,2.35,2.32,1.48,0.84,-0.11,0.69,0.58
2026-09-01 05:00:00+00:00,2.48,1.57,1.48,0.84,0.91,0.69,0.58
2026-09-01 06:00:00+00:00,2.4,1.84,1.48,0.84,0.56,0.69,0.58
2026-09-01 07:00:00+00:00,2.46,2.29,2.06,1.62,0.17,0.23,0.44
2026-09-01 08:00:00+00:00,2.5,2.79,2.23,1.62,-0.29,0.56,0.61
2026-09-01 09:00:00+00:00,2.57,2.58,2.0,1.85,-0.01,0.58,0.15
2026-09-01 10:00:00+00:00,2.47,2.49,1.95,1.85,-0.02,0.54,0.15
2026-09-01 11:00:00+00:00,2.53,2.49,1.89,1.85,0.04,0.6,0.15
2026-09-01 12:00:00+00:00,2.61,2.67,1.89,1.85,-0.06,0.6,0.15
2026-09-01 13:00:00+00:00,2.74,2.75,1.9,1.72,-0.01,0.85,0.18
2026-09-01 14:00:00+00:00,2.64,2.93,1.68,1.72,-0.29,1.25,-0.04
2026-09-01 15:00:00+00:00,2.71,2.59,2.13,1.66,0.12,0.46,0.47
2026-09-01 16:00:00+00:00,2.86,2.75,2.34,2.54,0.11,0.41,-0.2
2026-09-01 17:00:00+00:00,2.94,2.8,2.69,2.54,0.14,0.11,0.15
2026-09-01 18:00:00+00:00,3.24,3.04,2.74,2.54,0.2,0.3,0.15
2026-09-01 19:00:00+00:00,3.32,2.97,2.44,2.54,0.35,0.53,0.15
2026-09-01 20:00:00+00:00,3.42,2.92,2.46,2.54,0.5,0.46,0.15
2026-09-01 22:00:00+00:00,3.38,2.84,2.66,2.54,0.54,0.18,0.15
2026-09-01 23:00:00+00:00,3.32,3.01,2.66,2.54,0.31,0.18,0.15
2026-09-02 00:00:00+00:00,3.71,4.13,2.66,2.54,-0.42,0.18,0.15
2026-09-02 01:00:00+00:00,3.43,3.62,2.66,2.54,-0.19,0.18,0.15
2026-09-02 02:00:00+00:00,3.64,2.57,2.66,2.54,1.07,0.18,0.15
2026-09-02 03:00:00+00:00,3.59,3.11,2.66,2.54,0.48,0.18,0.15
2026-09-02 04:00:00+00:00,3.57,2.97,2.66,2.54,0.6,0.18,0.15
2026-09-02 05:00:00+00:00,3.59,3.26,2.66,2.54,0.33,0.18,0.15
2026-09-02 06:00:00+00:00,3.59,3.26,2.66,2.54,0.33,0.18,0.15
2026-09-02 07:00:00+00:00,3.55,2.97,2.66,2.54,0.58,0.18,0.15
2026-09-02 08:00:00+00:00,3.41,2.95,2.59,2.54,0.46,0.36,0.15
2026-09-02 09:00:00+00:00,3.54,3.12,2.71,2.54,0.42,0.41,0.15
2026-09-02 10:00:00+00:00,3.39,3.08,2.79,2.54,0.31,0.29,0.15
2026-09-02 11:00:00+00:00,3.15,1.96,2.79,2.54,1.19,0.29,0.15
2026-09-02 12:00:00+00:00,3.22,2.76,2.79,2.54,0.46,0.29,0.15
2026-09-02 13:00:00+00:00,3.02,2.35,2.79,2.54,0.67,0.29,0.15
2026-09-02 14:00:00+00:00,3.42,3.12,2.79,2.54,0.3,0.29,0.15
2026-09-02 15:00:00+00:00,3.5,2.97,2.66,2.08,0.53,0.31,0.58
2026-09-02 16:00:00+00:00,3.61,3.13,2.67,2.08,0.48,0.46,0.59
2026-09-02 17:00:00+00:00,3.42,2.89,2.78,2.08,0.53,0.11,0.59
2026-09-02 18:00:00+00:00,3.56,3.21,2.78,2.08,0.35,0.11,0.59
2026-09-02 19:00:00+00:00,3.45,3.11,2.55,2.08,0.34,0.56,0.59
2026-09-02 20:00:00+00:00,3.57,2.86,2.65,2.08,0.71,0.21,0.59
2026-09-02 22:00:00+00:00,3.59,3.13,2.45,2.08,0.46,0.68,0.59
2026-09-02 23:00:00+00:00,3.61,2.92,2.45,2.08,0.69,0.47,0.59
2026-09-03 00:00:00+00:00,3.61,3.01,2.45,2.08,0.6,0.47,0.59
2026-09-03 01:00:00+00:00,3.67,3.45,2.45,2.08,0.22,0.47,0.59
2026-09-03 02:00:00+00:00,3.66,3.14,2.45,2.08,0.52,0.47,0.59
2026-09-03 03:00:00+00:00,3.67,3.08,2.45,2.08,0.59,0.47,0.59
2026-09-03 04:00:00+00:00,3.52,3.08,2.45,2.08,0.59,0.47,0.59
2026-09-03 05:00:00+00:00,3.56,2.98,2.45,2.08,0.58,0.47,0.59
2026-09-03 06:00:00+00:00,3.6,3.15,2.45,2.08,0.45,0.47,0.59
2026-09-03 07:00:00+00:00,3.69,3.34,2.45,2.08,0.35,0.47,0.59
2026-09-03 08:00:00+00:00,4.0,3.72,3.11,2.08,0.28,0.61,0.59
2026-09-03 09:00:00+00:00,4.34,3.79,3.66,1.3,0.55,0.13,2.36
2026-09-03 10:00:00+00:00,4.66,3.68,3.89,1.3,0.98,-0.21,2.59
2026-09-03 11:00:00+00:00,4.72,3.69,3.89,1.3,1.03,-0.21,2.59
2026-09-03 12:00:00+00:00,4.31,3.34,2.58,2.08,0.97,0.76,0.5
2026-09-03 13:00:00+00:00,4.01,3.43,2.82,2.45,0.58,0.61,0.37
2026-09-03 14:00:00+00:00,4.19,3.36,2.94,2.66,0.83,0.42,0.28
2026-09-03 15:00:00+00:00,3.91,3.33,2.24,2.66,0.58,1.09,-0.42
2026-09-03 16:00:00+00:00,3.95,3.5,2.24,2.66,0.45,1.26,-0.42
2026-09-03 17:00:00+00:00,3.75,2.96,2.24,2.66,0.79,1.26,-0.42
2026-09-03 18:00:00+00:00,3.87,3.43,2.24,2.66,0.44,1.26,-0.42
2026-09-03 19:00:00+00:00,4.01,3.42,2.24,2.66,0.59,1.26,-0.42
2026-09-03 20:00:00+00:00,3.97,3.58,2.24,2.66,0.39,1.26,-0.42
2026-09-03 22:00:00+00:00,3.96,3.32,2.24,2.66,0.64,1.26,-0.42
2026-09-03 23:00:00+00:00,3.98,3.38,2.24,2.66,0.6,1.26,-0.42
2026-09-04 00:00:00+00:00,3.99,3.13,2.24,2.66,0.86,1.26,-0.42
2026-09-04 01:00:00+00:00,3.95,3.73,2.24,2.66,0.22,1.26,-0.42
2026-09-04 02:00:00+00:00,3.97,3.45,2.24,2.66,0.52,1.26,-0.42
2026-09-04 03:00:00+00:00,4.05,3.47,2.24,2.66,0.58,1.26,-0.42
2026-09-04 04:00:00+00:00,3.99,3.12,2.24,2.66,0.87,1.26,-0.42
2026-09-04 05:00:00+00:00,3.87,3.36,2.24,2.66,0.51,1.26,-0.42
2026-09-04 06:00:00+00:00,3.97,3.31,2.69,2.66,0.66,0.62,-0.42
2026-09-04 07:00:00+00:00,3.76,3.01,2.67,2.66,0.75,0.34,-0.42
2026-09-04 08:00:00+00:00,3.63,3.28,2.33,2.66,0.35,0.95,-0.42
2026-09-04 09:00:00+00:00,3.73,3.14,2.8,2.66,0.59,0.34,-0.42
2026-09-04 10:00:00+00:00,3.61,2.73,2.78,2.66,0.88,-0.05,-0.42
2026-09-04 11:00:00+00:00,3.6,3.14,2.65,2.66,0.46,0.49,-0.42
2026-09-04 12:00:00+00:00,3.43,2.62,2.52,2.66,0.81,0.1,-0.42
2026-09-04 13:00:00+00:00,3.39,2.68,2.59,2.66,0.71,0.09,-0.42
2026-09-04 14:00:00+00:00,3.68,2.99,2.15,2.27,0.69,0.84,-0.12
2026-09-04 15:00:00+00:00,3.83,3.12,2.04,2.33,0.71,1.08,-0.29
2026-09-04 16:00:00+00:00,3.78,3.18,2.35,2.33,0.6,0.83,0.02
2026-09-04 17:00:00+00:00,3.72,3.15,2.35,2.33,0.57,0.83,0.02
2026-09-04 18:00:00+00:00,3.94,3.16,2.35,2.33,0.78,0.83,0.02
2026-09-04 19:00:00+00:00,3.99,2.95,2.35,2.33,1.04,0.83,0.02
2026-09-04 20:00:00+00:00,3.96,3.17,2.35,2.33,0.79,0.83,0.02
2026-09-08 04:00:00+00:00,3.93,3.4,2.35,2.33,0.53,0.83,0.02
2026-09-08 05:00:00+00:00,4.06,3.36,2.35,2.33,0.7,0.83,0.02
2026-09-08 06:00:00+00:00,4.07,3.6,2.35,2.33,0.47,0.83,0.02
2026-09-08 07:00:00+00:00,4.19,3.6,2.96,2.33,0.59,0.64,0.02
2026-09-08 08:00:00+00:00,4.1,3.6,2.72,2.33,0.5,0.88,0.02
2026-09-08 09:00:00+00:00,3.98,3.42,2.25,2.33,0.56,1.17,0.02
2026-09-08 10:00:00+00:00,4.04,3.49,2.47,2.33,0.55,1.02,0.02
2026-09-08 11:00:00+00:00,3.98,3.42,2.47,2.33,0.56,1.02,0.02
2026-09-08 12:00:00+00:00,3.84,3.28,2.58,2.13,0.56,0.7,0.45
2026-09-08 13:00:00+00:00,3.91,3.33,2.87,2.03,0.58,0.46,0.84
2026-09-08 14:00:00+00:00,3.77,3.28,2.66,1.92,0.49,0.62,0.74
2026-09-08 15:00:00+00:00,3.59,3.07,2.57,2.12,0.52,0.5,0.45
2026-09-08 16:00:00+00:00,3.56,3.13,2.4,2.12,0.43,0.73,0.28
2026-09-08 17:00:00+00:00,3.51,2.99,2.76,2.06,0.52,0.23,0.7
2026-09-08 18:00:00+00:00,3.71,3.13,2.51,2.87,0.58,0.62,-0.36
2026-09-08 19:00:00+00:00,3.74,3.32,2.63,2.78,0.42,0.69,-0.15
2026-09-08 20:00:00+00:00,3.8,3.49,2.89,2.08,0.31,0.6,0.81
2026-09-08 22:00:00+00:00,3.9,3.3,2.96,2.08,0.6,0.34,0.88
2026-09-08 23:00:00+00:00,3.95,3.51,2.96,2.08,0.44,0.34,0.88
2026-09-09 00:00:00+00:00,3.86,3.39,2.96,2.08,0.47,0.34,0.88
2026-09-09 01:00:00+00:00,3.87,3.39,2.96,2.08,0.48,0.34,0.88
2026-09-09 02:00:00+00:00,3.89,3.21,2.96,2.08,0.68,0.34,0.88
2026-09-09 03:00:00+00:00,3.86,3.36,2.96,2.08,0.5,0.34,0.88
2026-09-09 04:00:00+00:00,3.75,3.23,2.96,2.08,0.52,0.34,0.88
2026-09-09 05:00:00+00:00,3.72,3.33,2.96,2.08,0.39,0.34,0.88
2026-09-09 06:00:00+00:00,3.78,3.26,2.96,2.08,0.52,0.34,0.88
2026-09-09 07:00:00+00:00,3.85,3.49,2.57,2.37,0.36,0.92,0.2
2026-09-09 08:00:00+00:00,3.77,3.35,2.96,2.4,0.42,0.39,0.56
2026-09-09 09:00:00+00:00,3.91,3.51,2.89,2.82,0.4,0.62,0.07
2026-09-09 10:00:00+00:00,3.83,3.23,2.81,2.82,0.6,0.42,0.07
2026-09-09 11:00:00+00:00,3.92,3.45,2.88,2.82,0.47,0.57,0.07
2026-09-09 12:00:00+00:00,3.94,3.49,2.78,2.82,0.45,0.71,0.07
2026-09-09 13:00:00+00:00,4.06,3.49,2.55,2.82,0.57,0.94,0.07
2026-09-09 14:00:00+00:00,4.15,3.57,3.03,2.82,0.58,0.54,0.07
2026-09-09 15:00:00+00:00,4.14,3.67,3.01,2.82,0.47,0.66,0.07
2026-09-09 16:00:00+00:00,4.03,3.34,2.62,2.78,0.69,0.72,-0.16
2026-09-09 17:00:00+00:00,4.1,3.57,3.26,2.16,0.53,0.31,1.1
2026-09-09 18:00:00+00:00,4.18,3.58,3.66,2.16,0.6,-0.08,1.5
2026-09-09 19:00:00+00:00,4.25,3.64,3.51,2.16,0.61,0.13,1.35
2026-09-09 20:00:00+00:00,4.21,3.5,3.51,2.16,0.71,0.13,1.35
2026-09-09 22:00:00+00:00,4.23,3.81,3.51,2.16,0.42,0.13,1.35
2026-09-09 23:00:00+00:00,4.06,3.93,3.51,2.16,0.13,0.13,1.35
2026-09-10 00:00:00+00:00,4.18,3.55,3.51,2.16,0.63,0.13,1.35
2026-09-10 01:00:00+00:00,4.18,3.56,3.51,2.16,0.62,0.13,1.35
2026-09-10 02:00:00+00:00,4.19,3.63,3.51,2.16,0.56,0.13,1.35
2026-09-10 03:00:00+00:00,4.2,3.47,3.51,2.16,0.73,0.13,1.35
2026-09-10 04:00:00+00:00,4.15,3.49,3.51,2.16,0.66,0.13,1.35
2026-09-10 05:00:00+00:00,4.13,3.42,3.51,2.16,0.71,0.13,1.35
2026-09-10 06:00:00+00:00,4.09,3.38,3.51,2.16,0.71,0.13,1.35
2026-09-10 07:00:00+00:00,4.22,3.64,3.51,2.16,0.58,0.13,1.35
2026-09-10 08:00:00+00:00,4.44,3.84,3.51,2.16,0.6,0.13,1.35
2026-09-10 09:00:00+00:00,4.45,3.75,3.51,2.16,0.7,0.13,1.35
2026-09-10 10:00:00+00:00,4.39,3.76,3.51,2.16,0.63,0.13,1.35
2026-09-10 11:00:00+00:00,4.52,4.05,3.51,2.16,0.47,0.13,1.35
2026-09-10 12:00:00+00:00,4.57,4.2,4.01,2.29,0.37,0.19,1.72
2026-09-10 13:00:00+00:00,4.54,3.95,3.45,2.29,0.59,0.5,1.16
2026-09-10 14:00:00+00:00,4.64,4.04,3.57,3.27,0.6,0.47,0.3
2026-09-10 15:00:00+00:00,4.81,4.31,4.87,3.27,0.5,-0.56,1.6
2026-09-10 16:00:00+00:00,4.82,4.27,4.59,2.1,0.55,-0.32,2.49
2026-09-10 17:00:00+00:00,4.84,4.33,3.68,3.07,0.51,0.65,0.61
2026-09-10 18:00:00+00:00,4.86,4.55,2.75,3.56,0.31,1.8,-0.81
2026-09-10 19:00:00+00:00,5.02,4.56,3.45,3.68,0.46,1.11,-0.23
2026-09-10 20:00:00+00:00,5.1,4.84,3.94,3.37,0.26,0.9,0.57
2026-09-10 22:00:00+00:00,5.19,4.67,3.76,3.23,0.52,0.91,0.53
2026-09-10 23:00:00+00:00,5.1,4.62,4.82,3.23,0.48,-0.2,1.59
2026-09-11 00:00:00+00:00,5.11,4.53,3.92,3.2,0.58,0.61,0.72
2026-09-11 01:00:00+00:00,5.2,4.53,3.32,3.2,0.67,1.21,0.12
2026-09-11 02:00:00+00:00,5.22,4.62,3.89,3.29,0.6,0.73,0.6
2026-09-11 03:00:00+00:00,5.28,4.73,4.0,3.2,0.55,0.73,0.8
2026-09-11 04:00:00+00:00,5.04,4.67,3.25,3.25,0.37,1.42,0.0
2026-09-11 05:00:00+00:00,5.0,4.62,3.8,3.29,0.38,0.82,0.51
2026-09-11 06:00:00+00:00,4.85,4.35,3.91,2.87,0.5,0.44,1.04
2026-09-11 07:00:00+00:00,4.85,4.39,4.33,2.38,0.46,0.06,1.95
2026-09-11 08:00:00+00:00,4.64,4.09,3.2,2.49,0.55,0.89,0.71
2026-09-11 09:00:00+00:00,4.79,4.31,2.88,3.15,0.48,1.43,-0.27
2026-09-11 10:00:00+00:00,4.49,4.01,2.88,3.15,0.48,1.43,-0.27
2026-09-11 11:00:00+00:00,4.56,4.11,2.88,3.15,0.45,1.43,-0.27
2026-09-11 12:00:00+00:00,4.72,4.19,2.88,3.15,0.53,1.43,-0.27
2026-09-11 13:00:00+00:00,4.73,4.12,2.88,3.15,0.61,1.43,-0.27
2026-09-11 14:00:00+00:00,4.91,4.5,2.88,3.15,0.41,1.43,-0.27
2026-09-11 15:00:00+00:00,4.94,4.36,2.88,3.15,0.58,1.43,-0.27
2026-09-11 16:00:00+00:00,5.09,4.33,2.88,3.15,0.76,1.43,-0.27
2026-09-11 17:00:00+00:00,4.87,4.15,2.88,3.15,0.72,1.43,-0.27
2026-09-11 18:00:00+00:00,4.85,4.13,2.88,3.15,0.72,1.43,-0.27
2026-09-11 19:00:00+00:00,4.86,4.16,2.88,3.15,0.7,1.43,-0.27
2026-09-11 20:00:00+00:00,4.83,4.09,2.88,3.15,0.74,1.43,-0.27
2026-09-13 22:00:00+00:00,5.35,4.56,3.28,3.15,0.79,1.28,-0.27
2026-09-13 23:00:00+00:00,5.32,4.36,3.48,3.15,0.96,0.88,-0.27
2026-09-14 00:00:00+00:00,5.38,4.63,3.28,3.15,0.75,1.35,-0.27
2026-09-14 01:00:00+00:00,5.34,4.43,3.77,2.67,0.91,0.66,1.1
2026-09-14 02:00:00+00:00,5.59,4.82,3.88,2.87,0.77,0.94,1.01
2026-09-14 03:00:00+00:00,5.71,4.64,4.1,2.98,1.07,0.54,1.12
2026-09-14 04:00:00+00:00,5.54,4.63,3.67,2.98,0.91,0.96,0.69
2026-09-14 05:00:00+00:00,5.42,4.68,3.29,3.38,0.74,1.39,-0.09
2026-09-14 06:00:00+00:00,5.43,4.86,3.82,3.3,0.57,1.04,0.52
2026-09-14 07:00:00+00:00,5.39,4.74,4.1,3.48,0.65,0.64,0.62
2026-09-14 08:00:00+00:00,5.53,4.91,4.18,3.48,0.62,0.73,0.62
2026-09-14 09:00:00+00:00,5.38,4.69,4.04,3.48,0.69,0.65,0.62
2026-09-14 10:00:00+00:00,5.4,4.88,3.94,3.48,0.52,0.94,0.62
2026-09-14 11:00:00+00:00,5.67,4.84,4.16,2.96,0.83,0.68,1.2
2026-09-14 12:00:00+00:00,5.87,4.97,4.37,2.35,0.9,0.6,2.02
2026-09-14 13:00:00+00:00,5.79,5.08,4.78,2.59,0.71,0.3,2.19
2026-09-14 14:00:00+00:00,5.63,4.84,4.78,2.59,0.79,0.3,2.19
2026-09-14 15:00:00+00:00,5.51,4.77,3.36,3.48,0.74,1.41,-0.12
2026-09-14 16:00:00+00:00,5.21,4.58,2.11,4.07,0.63,2.47,-1.96
2026-09-14 17:00:00+00:00,5.01,4.35,2.72,3.74,0.66,1.63,-1.02
2026-09-14 18:00:00+00:00,4.74,4.22,2.72,3.74,0.52,1.63,-1.02
2026-09-14 19:00:00+00:00,4.96,4.33,2.72,3.74,0.63,1.63,-1.02
2026-09-14 20:00:00+00:00,4.97,4.26,3.54,2.84,0.71,0.72,0.7
2026-09-14 22:00:00+00:00,5.01,4.2,3.75,2.84,0.81,0.45,0.91
2026-09-14 23:00:00+00:00,5.03,4.36,3.63,2.84,0.67,0.73,0.79
2026-09-15 00:00:00+00:00,5.08,4.37,3.63,2.84,0.71,0.73,0.79
2026-09-15 01:00:00+00:00,5.1,4.46,3.85,2.9,0.64,0.61,0.95
2026-09-15 02:00:00+00:00,5.1,4.19,3.67,3.32,0.91,0.52,0.35
2026-09-15 03:00:00+00:00,5.12,4.38,3.69,3.07,0.74,0.69,0.62
2026-09-15 04:00:00+00:00,5.11,4.42,3.92,3.07,0.69,0.5,0.62
2026-09-15 05:00:00+00:00,5.21,4.6,3.53,2.53,0.61,1.07,1.0
2026-09-15 06:00:00+00:00,5.05,4.4,3.53,2.53,0.65,1.07,1.0
2026-09-15 07:00:00+00:00,5.08,4.41,3.53,2.53,0.67,1.07,1.0
2026-09-15 08:00:00+00:00,5.03,4.32,3.53,2.53,0.71,1.07,1.0
2026-09-15 09:00:00+00:00,5.05,4.33,3.53,2.53,0.72,1.07,1.0
2026-09-15 10:00:00+00:00,4.76,4.14,3.19,2.86,0.62,0.95,0.33
2026-09-15 11:00:00+00:00,4.93,4.12,2.89,2.86,0.81,1.23,0.03
2026-09-15 12:00:00+00:00,4.79,4.06,3.58,2.55,0.73,0.48,1.03
2026-09-15 13:00:00+00:00,5.05,4.49,3.27,2.72,0.56,1.22,0.55
2026-09-15 14:00:00+00:00,5.34,4.49,4.01,2.59,0.85,0.48,1.42
2026-09-15 15:00:00+00:00,5.19,4.38,3.61,2.7,0.81,0.77,0.91
2026-09-15 16:00:00+00:00,5.28,4.44,3.72,3.19,0.84,0.72,0.53
2026-09-15 17:00:00+00:00,5.5,4.6,3.89,3.03,0.9,0.71,0.86
2026-09-15 18:00:00+00:00,5.4,4.46,3.21,3.32,0.94,1.25,-0.11
2026-09-15 19:00:00+00:00,5.47,4.59,3.77,2.79,0.88,0.82,0.98
2026-09-15 20:00:00+00:00,5.41,4.67,3.68,2.9,0.74,0.99,0.78
2026-09-15 22:00:00+00:00,5.36,4.52,3.68,2.9,0.84,0.84,0.78
2026-09-15 23:00:00+00:00,5.46,4.43,3.81,2.9,1.03,0.62,0.91
2026-09-16 00:00:00+00:00,5.44,4.83,3.54,2.9,0.61,1.29,0.91
2026-09-16 01:00:00+00:00,5.37,4.46,4.11,2.47,0.91,0.35,1.64
2026-09-16 02:00:00+00:00,5.41,4.51,3.47,2.58,0.9,1.04,0.89
2026-09-16 03:00:00+00:00,5.54,4.55,3.98,2.54,0.99,0.57,1.44
2026-09-16 04:00:00+00:00,5.49,4.58,3.84,2.54,0.91,0.74,1.3
2026-09-16 05:00:00+00:00,5.46,4.53,4.16,2.54,0.93,0.37,1.62
2026-09-16 06:00:00+00:00,5.27,4.39,4.16,2.54,0.88,0.37,1.62
2026-09-16 07:00:00+00:00,5.24,4.42,3.92,2.81,0.82,0.5,1.11
2026-09-16 08:00:00+00:00,5.16,4.43,4.23,2.81,0.73,0.2,1.42
2026-09-16 09:00:00+00:00,5.15,4.34,3.62,2.82,0.81,0.72,0.8
2026-09-16 10:00:00+00:00,5.02,4.18,3.27,2.82,0.84,0.91,0.45
2026-09-16 11:00:00+00:00,5.07,4.16,3.38,2.67,0.91,0.78,0.71
2026-09-16 12:00:00+00:00,5.26,4.31,3.58,2.67,0.95,0.73,0.91
2026-09-16 13:00:00+00:00,5.14,4.37,3.32,2.75,0.77,1.05,0.57
2026-09-16 14:00:00+00:00,4.7,3.85,2.74,3.17,0.85,1.11,-0.43
2026-09-16 15:00:00+00:00,4.88,3.93,3.21,2.64,0.95,0.72,0.57
2026-09-16 16:00:00+00:00,5.09,3.96,3.65,2.64,1.13,0.31,1.01
2026-09-16 17:00:00+00:00,5.04,4.03,3.33,2.64,1.01,0.7,0.69
2026-09-16 18:00:00+00:00,5.04,4.05,3.33,2.64,0.99,0.7,0.69
2026-09-16 19:00:00+00:00,5.01,4.09,3.33,2.64,0.92,0.7,0.69
2026-09-16 20:00:00+00:00,4.84,3.97,3.33,2.64,0.87,0.7,0.69
2026-09-16 22:00:00+00:00,5.03,3.71,3.33,2.64,1.32,0.7,0.69
2026-09-16 23:00:00+00:00,5.04,3.98,3.33,2.64,1.06,0.7,0.69
2026-09-17 00:00:00+00:00,4.89,3.91,3.33,2.64,0.98,0.7,0.69
2026-09-17 01:00:00+00:00,4.87,4.17,3.33,2.64,0.7,0.7,0.69
2026-09-17 02:00:00+00:00,4.93,4.02,3.33,2.64,0.91,0.7,0.69
2026-09-17 03:00:00+00:00,4.93,4.13,3.33,2.64,0.8,0.7,0.69
2026-09-17 04:00:00+00:00,4.95,3.91,3.33,2.64,1.04,0.7,0.69
2026-09-17 05:00:00+00:00,4.8,3.85,3.33,2.64,0.95,0.7,0.69
2026-09-17 06:00:00+00:00,4.61,3.53,3.33,2.64,1.08,0.7,0.69
2026-09-17 07:00:00+00:00,4.64,3.53,3.33,2.64,1.11,0.7,0.69
2026-09-17 08:00:00+00:00,4.51,3.6,3.33,2.64,0.91,0.7,0.69
2026-09-17 09:00:00+00:00,4.4,3.53,3.33,2.64,0.87,0.7,0.69
2026-09-17 10:00:00+00:00,4.09,3.25,3.33,2.64,0.84,0.7,0.69
2026-09-17 11:00:00+00:00,3.9,3.1,3.33,2.64,0.8,0.7,0.69
2026-09-17 12:00:00+00:00,3.94,3.2,3.33,2.64,0.74,0.7,0.69
2026-09-17 13:00:00+00:00,4.24,3.38,3.33,2.64,0.86,0.7,0.69
2026-09-17 14:00:00+00:00,4.51,3.55,3.33,2.64,0.96,0.7,0.69
2026-09-17 15:00:00+00:00,4.28,3.13,2.97,2.73,1.15,0.16,0.24
2026-09-17 16:00:00+00:00,4.73,3.56,3.68,2.42,1.17,-0.12,1.26
2026-09-17 17:00:00+00:00,4.84,3.7,3.15,2.47,1.14,0.55,0.68
2026-09-17 18:00:00+00:00,4.81,3.75,3.23,2.53,1.06,0.52,0.7
2026-09-17 19:00:00+00:00,4.65,3.72,3.07,2.24,0.93,0.65,0.83
2026-09-17 20:00:00+00:00,4.73,3.7,3.07,2.24,1.03,0.63,0.83
2026-09-17 22:00:00+00:00,4.58,3.84,3.07,2.24,0.74,0.77,0.83
2026-09-17 23:00:00+00:00,4.65,3.84,3.07,2.24,0.74,0.77,0.83
2026-09-18 00:00:00+00:00,4.5,3.66,3.07,2.24,0.84,0.77,0.83
2026-09-18 01:00:00+00:00,4.64,3.68,3.07,2.24,0.96,0.77,0.83
2026-09-18 02:00:00+00:00,4.78,3.73,3.07,2.24,1.05,0.77,0.83
2026-09-18 03:00:00+00:00,4.77,3.65,3.07,2.24,1.12,0.77,0.83
2026-09-18 04:00:00+00:00,4.64,3.61,3.07,2.24,1.03,0.77,0.83
2026-09-18 05:00:00+00:00,4.63,3.51,3.07,2.24,1.12,0.77,0.83
2026-09-18 06:00:00+00:00,4.47,3.45,3.07,2.24,1.02,0.77,0.83
2026-09-18 07:00:00+00:00,4.28,3.35,3.07,2.24,0.93,0.77,0.83
2026-09-18 08:00:00+00:00,4.32,3.25,3.07,2.24,1.07,0.77,0.83
2026-09-18 09:00:00+00:00,4.53,3.53,3.07,2.24,1.0,0.77,0.83
2026-09-18 10:00:00+00:00,4.36,3.29,3.07,2.24,1.07,0.77,0.83
2026-09-18 11:00:00+00:00,4.77,3.58,3.01,2.42,1.19,0.57,0.59
2026-09-18 12:00:00+00:00,4.8,3.69,3.22,2.42,1.11,0.47,0.8
2026-09-18 13:00:00+00:00,4.81,3.66,3.16,2.59,1.15,0.5,0.57
2026-09-18 14:00:00+00:00,4.62,3.6,2.87,2.73,1.02,0.73,0.14
2026-09-18 15:00:00+00:00,4.58,3.31,3.18,2.4,1.27,0.13,0.78
2026-09-18 16:00:00+00:00,4.59,3.36,2.44,2.99,1.23,0.92,-0.55
2026-09-18 17:00:00+00:00,4.69,3.34,2.44,2.99,1.35,0.9,-0.55
2026-09-18 18:00:00+00:00,4.52,3.14,2.44,2.99,1.38,0.9,-0.55
2026-09-18 19:00:00+00:00,4.4,3.24,2.44,2.99,1.16,0.9,-0.55
2026-09-18 20:00:00+00:00,4.58,3.26,2.81,2.38,1.32,0.45,0.43
2026-09-20 22:00:00+00:00,4.29,2.95,3.16,2.38,1.34,-0.21,0.78
2026-09-20 23:00:00+00:00,4.33,2.99,2.71,2.38,1.34,0.28,0.78
2026-09-21 00:00:00+00:00,4.28,3.36,1.59,2.38,0.92,1.77,0.78
2026-09-21 01:00:00+00:00,4.24,3.22,2.84,2.38,1.02,0.38,0.78
2026-09-21 02:00:00+00:00,4.25,3.2,2.95,2.38,1.05,0.25,0.78
2026-09-21 03:00:00+00:00,4.19,3.22,2.63,2.38,0.97,0.59,0.78
2026-09-21 04:00:00+00:00,4.2,3.31,2.63,2.38,0.89,0.68,0.78
2026-09-21 05:00:00+00:00,4.27,3.24,3.31,1.79,1.03,-0.07,1.52
2026-09-21 06:00:00+00:00,4.23,3.06,3.31,1.79,1.17,-0.07,1.52
2026-09-21 07:00:00+00:00,4.09,3.27,3.31,1.79,0.82,-0.07,1.52
2026-09-21 08:00:00+00:00,4.19,3.06,2.68,2.25,1.13,0.38,0.43
2026-09-21 09:00:00+00:00,4.09,3.07,2.36,2.25,1.02,0.71,0.11
2026-09-21 10:00:00+00:00,4.11,2.99,2.81,1.8,1.12,0.18,1.01
2026-09-21 11:00:00+00:00,4.1,2.94,2.61,2.07,1.16,0.33,0.54
2026-09-21 12:00:00+00:00,4.09,2.95,2.82,2.07,1.14,0.13,0.75
2026-09-21 13:00:00+00:00,3.87,2.8,2.17,2.1,1.07,0.63,0.07
2026-09-21 14:00:00+00:00,3.97,2.75,2.39,1.92,1.22,0.36,0.47
2026-09-21 15:00:00+00:00,4.04,2.77,2.75,1.71,1.27,0.02,1.04
2026-09-21 16:00:00+00:00,3.94,2.81,2.37,1.88,1.13,0.44,0.49
2026-09-21 17:00:00+00:00,4.06,2.81,2.53,1.82,1.25,0.28,0.71
2026-09-21 18:00:00+00:00,4.09,2.81,2.64,1.88,1.28,0.17,0.76
2026-09-21 19:00:00+00:00,4.07,2.76,2.41,1.88,1.31,0.35,0.53
2026-09-21 20:00:00+00:00,4.08,2.69,2.27,2.09,1.39,0.42,0.18
2026-09-21 22:00:00+00:00,4.1,2.76,2.27,2.09,1.34,0.42,0.18
2026-09-21 23:00:00+00:00,4.04,2.98,2.27,2.09,1.06,0.42,0.18
2026-09-22 00:00:00+00:00,4.11,3.22,2.27,2.09,0.89,0.42,0.18
2026-09-22 01:00:00+00:00,4.17,2.99,2.27,2.09,1.18,0.42,0.18
2026-09-22 02:00:00+00:00,4.25,3.05,2.27,2.09,1.2,0.42,0.18
2026-09-22 03:00:00+00:00,4.14,3.02,2.27,2.09,1.12,0.42,0.18
2026-09-22 04:00:00+00:00,4.22,2.98,2.27,2.09,1.24,0.42,0.18
2026-09-22 05:00:00+00:00,4.24,3.03,2.27,2.09,1.21,0.42,0.18
2026-09-22 06:00:00+00:00,4.35,3.13,2.41,2.45,1.22,0.72,-0.04
2026-09-22 07:00:00+00:00,4.17,3.01,2.33,2.45,1.16,0.68,-0.12
2026-09-22 08:00:00+00:00,3.77,2.64,0.69,3.38,1.13,1.95,-2.69
2026-09-22 09:00:00+00:00,3.82,2.53,1.81,1.23,1.29,0.72,0.58
2026-09-22 10:00:00+00:00,3.68,2.6,2.15,0.51,1.08,0.45,1.64
2026-09-22 11:00:00+00:00,3.91,2.58,2.45,1.58,1.33,0.13,0.87
2026-09-22 12:00:00+00:00,3.86,2.57,3.16,1.58,1.29,-0.59,1.58
2026-09-22 13:00:00+00:00,4.06,2.78,2.55,1.83,1.28,0.23,0.72
2026-09-22 14:00:00+00:00,4.06,2.72,2.85,1.47,1.34,-0.13,1.38
2026-09-22 15:00:00+00:00,4.08,2.85,2.31,2.18,1.23,0.54,0.13
2026-09-22 16:00:00+00:00,4.08,2.82,2.28,2.18,1.26,0.54,0.1
2026-09-22 17:00:00+00:00,3.9,2.59,1.34,2.65,1.31,1.25,-1.31
2026-09-22 18:00:00+00:00,3.92,2.75,1.93,1.96,1.17,0.82,-0.03
2026-09-22 19:00:00+00:00,3.92,2.57,2.57,0.57,1.35,-0.0,2.0
2026-09-22 20:00:00+00:00,3.87,2.61,2.76,1.51,1.26,-0.15,1.25
2026-09-22 22:00:00+00:00,3.81,2.42,2.8,1.51,1.39,-0.38,1.29
2026-09-22 23:00:00+00:00,3.82,2.5,2.8,1.51,1.32,-0.38,1.29
2026-09-23 00:00:00+00:00,3.94,2.63,2.8,1.51,1.31,-0.38,1.29
2026-09-23 01:00:00+00:00,3.87,2.54,2.8,1.51,1.33,-0.38,1.29
2026-09-23 02:00:00+00:00,3.84,2.6,2.8,1.51,1.24,-0.38,1.29
2026-09-23 03:00:00+00:00,3.85,2.51,2.8,1.51,1.34,-0.38,1.29
2026-09-23 04:00:00+00:00,3.86,2.53,2.8,1.51,1.33,-0.38,1.29
2026-09-23 05:00:00+00:00,3.84,2.53,2.8,1.51,1.31,-0.38,1.29
2026-09-23 06:00:00+00:00,3.79,2.71,2.8,1.51,1.08,-0.38,1.29
2026-09-23 07:00:00+00:00,3.86,2.55,2.39,1.78,1.31,0.16,0.61
2026-09-23 08:00:00+00:00,3.81,2.58,2.88,1.22,1.23,-0.3,1.66
2026-09-23 09:00:00+00:00,3.85,2.65,2.31,1.92,1.2,0.34,0.39
2026-09-23 10:00:00+00:00,3.89,2.69,2.25,2.12,1.2,0.44,0.13
2026-09-23 11:00:00+00:00,4.04,2.77,2.41,2.67,1.27,0.36,-0.26
2026-09-23 12:00:00+00:00,4.06,2.78,2.42,2.79,1.28,0.36,-0.37
2026-09-23 13:00:00+00:00,4.16,2.9,2.31,2.5,1.26,0.59,-0.19
2026-09-23 14:00:00+00:00,4.21,2.84,2.3,2.08,1.37,0.54,0.22
2026-09-23 15:00:00+00:00,4.5,3.04,3.34,1.9,1.46,-0.3,1.44
2026-09-23 16:00:00+00:00,4.62,3.0,3.03,1.9,1.62,-0.03,1.13
2026-09-23 17:00:00+00:00,4.82,3.0,2.65,1.9,1.82,0.35,1.13
2026-09-23 18:00:00+00:00,4.93,3.1,2.47,1.82,1.83,0.63,0.65
2026-09-23 19:00:00+00:00,4.97,3.11,2.77,1.82,1.86,0.34,0.95
2026-09-23 20:00:00+00:00,5.06,3.09,2.63,1.82,1.97,0.46,0.81
2026-09-23 22:00:00+00:00,4.99,2.6,2.63,1.82,2.39,0.46,0.81
2026-09-23 23:00:00+00:00,4.99,3.22,2.63,1.82,1.77,0.46,0.81
2026-09-24 00:00:00+00:00,4.82,3.07,2.63,1.82,1.75,0.46,0.81
2026-09-24 01:00:00+00:00,4.77,3.26,2.63,1.82,1.51,0.46,0.81
2026-09-24 02:00:00+00:00,4.82,2.99,2.63,1.82,1.83,0.46,0.81
2026-09-24 03:00:00+00:00,4.78,2.94,2.63,1.82,1.84,0.46,0.81
2026-09-24 04:00:00+00:00,4.84,3.13,2.63,1.82,1.71,0.46,0.81
2026-09-24 05:00:00+00:00,4.97,3.1,2.63,1.82,1.87,0.46,0.81
2026-09-24 06:00:00+00:00,5.09,3.32,2.63,1.82,1.77,0.46,0.81
2026-09-24 07:00:00+00:00,5.19,3.42,2.63,1.82,1.77,0.46,0.81
2026-09-24 08:00:00+00:00,5.25,3.5,2.63,1.82,1.75,0.46,0.81
2026-09-24 09:00:00+00:00,5.34,3.51,2.63,1.82,1.83,0.46,0.81
2026-09-24 10:00:00+00:00,5.23,3.32,2.63,1.82,1.91,0.46,0.81
2026-09-24 11:00:00+00:00,5.28,3.39,2.63,1.82,1.89,0.46,0.81
2026-09-24 12:00:00+00:00,5.43,3.62,2.63,1.82,1.81,0.46,0.81
2026-09-24 13:00:00+00:00,5.42,3.42,2.63,1.82,2.0,0.46,0.81
2026-09-24 14:00:00+00:00,5.7,3.58,3.27,2.0,2.12,0.31,1.27
2026-09-24 15:00:00+00:00,5.73,3.84,2.89,2.44,1.89,0.95,0.45
2026-09-24 16:00:00+00:00,5.83,3.71,3.1,1.79,2.12,0.61,1.31
2026-09-24 17:00:00+00:00,6.05,3.83,3.0,2.13,2.22,0.83,0.87
2026-09-24 18:00:00+00:00,6.33,3.72,2.22,2.82,2.61,1.5,-0.6
2026-09-24 19:00:00+00:00,6.48,3.93,2.86,2.86,2.55,1.07,0.0
2026-09-24 20:00:00+00:00,6.53,3.81,2.45,2.27,2.72,1.36,0.18
2026-09-24 22:00:00+00:00,6.39,3.82,2.84,1.43,2.57,0.98,1.41
2026-09-24 23:00:00+00:00,6.49,3.77,2.56,1.43,2.72,1.21,1.13
2026-09-25 00:00:00+00:00,6.59,3.68,2.15,1.43,2.91,1.53,1.13
2026-09-25 01:00:00+00:00,6.92,3.68,2.15,1.43,3.24,1.53,1.13
2026-09-25 02:00:00+00:00,6.78,3.68,2.68,1.66,3.1,1.0,1.02
2026-09-25 03:00:00+00:00,6.79,3.73,2.69,2.17,3.06,1.04,0.52
2026-09-25 04:00:00+00:00,6.75,3.72,2.7,2.17,3.03,1.02,0.53
2026-09-25 05:00:00+00:00,6.71,3.71,2.7,2.17,3.0,1.02,0.53
2026-09-25 06:00:00+00:00,6.82,3.72,2.7,2.17,3.1,1.02,0.53
2026-09-25 07:00:00+00:00,6.79,3.85,2.7,2.17,2.94,1.02,0.53
2026-09-25 08:00:00+00:00,6.69,3.68,2.7,2.17,3.01,1.02,0.53
2026-09-25 09:00:00+00:00,6.6,3.74,2.95,1.64,2.86,0.79,1.31
2026-09-25 10:00:00+00:00,6.77,3.56,3.01,1.64,3.21,0.55,1.31
2026-09-25 11:00:00+00:00,6.59,3.63,2.78,1.64,2.96,0.85,1.31
2026-09-25 12:00:00+00:00,6.56,3.58,2.68,1.64,2.98,0.9,1.31
2026-09-25 13:00:00+00:00,6.59,3.65,3.2,1.41,2.94,0.45,1.79
2026-09-25 14:00:00+00:00,6.75,3.56,2.68,2.46,3.19,0.88,0.22
2026-09-25 15:00:00+00:00,6.73,3.33,1.71,2.46,3.4,1.62,-0.75
2026-09-25 16:00:00+00:00,6.87,3.42,1.87,2.13,3.45,1.55,-0.26
2026-09-25 17:00:00+00:00,6.99,3.25,1.99,2.13,3.74,1.26,-0.14
2026-09-25 18:00:00+00:00,6.98,3.35,2.22,1.74,3.63,1.13,0.48
2026-09-25 19:00:00+00:00,7.0,3.5,2.22,1.74,3.5,1.13,0.48
2026-09-25 20:00:00+00:00,6.88,3.33,2.22,1.74,3.55,1.13,0.48
2026-09-27 22:00:00+00:00,7.71,3.72,2.22,1.74,3.99,1.13,0.48
2026-09-27 23:00:00+00:00,7.35,3.49,2.22,1.74,3.86,1.13,0.48
2026-09-28 00:00:00+00:00,7.44,3.64,2.22,1.74,3.8,1.13,0.48
2026-09-28 01:00:00+00:00,7.61,3.69,2.22,1.74,3.92,1.13,0.48
2026-09-28 02:00:00+00:00,7.79,3.75,2.22,1.74,4.04,1.13,0.48
2026-09-28 03:00:00+00:00,7.62,3.99,2.22,1.74,3.63,1.13,0.48
2026-09-28 04:00:00+00:00,7.88,3.87,2.22,1.74,4.01,1.13,0.48
2026-09-28 05:00:00+00:00,8.29,3.86,2.22,1.74,4.43,1.13,0.48
2026-09-28 06:00:00+00:00,8.07,3.63,2.22,1.74,4.44,1.13,0.48
2026-09-28 07:00:00+00:00,7.57,3.65,2.22,1.74,3.92,1.13,0.48
2026-09-28 08:00:00+00:00,7.44,3.87,2.22,1.74,3.57,1.13,0.48
2026-09-28 09:00:00+00:00,7.56,3.76,2.22,1.74,3.8,1.13,0.48
2026-09-28 10:00:00+00:00,7.43,3.73,2.22,1.74,3.7,1.13,0.48
2026-09-28 11:00:00+00:00,7.62,3.7,2.22,1.74,3.92,1.13,0.48
2026-09-28 12:00:00+00:00,7.26,3.46,2.22,1.74,3.8,1.13,0.48
2026-09-28 13:00:00+00:00,7.44,3.58,2.28,1.18,3.86,1.3,1.1
2026-09-28 14:00:00+00:00,7.73,3.75,3.94,0.94,3.98,-0.19,3.0
2026-09-28 15:00:00+00:00,7.64,3.57,2.66,0.94,4.07,0.91,3.0
2026-09-28 16:00:00+00:00,7.46,3.42,2.61,1.74,4.04,0.81,0.87
2026-09-28 17:00:00+00:00,7.44,3.28,2.7,1.74,4.16,0.58,0.96
2026-09-28 18:00:00+00:00,7.44,3.37,2.37,1.74,4.07,1.0,0.63
2026-09-28 19:00:00+00:00,7.57,3.6,2.74,1.69,3.97,0.86,1.05
2026-09-28 20:00:00+00:00,7.56,3.53,2.94,1.14,4.03,0.59,1.8
2026-09-28 22:00:00+00:00,7.09,3.44,2.94,1.14,3.65,0.59,1.8
2026-09-28 23:00:00+00:00,7.32,3.47,2.94,1.14,3.85,0.59,1.8
2026-09-29 00:00:00+00:00,7.25,3.75,2.94,1.14,3.5,0.59,1.8
2026-09-29 01:00:00+00:00,7.55,3.47,2.94,1.14,4.08,0.59,1.8
2026-09-29 02:00:00+00:00,7.47,3.7,2.94,1.14,3.77,0.59,1.8
2026-09-29 03:00:00+00:00,7.35,3.78,2.94,1.14,3.57,0.59,1.8
2026-09-29 04:00:00+00:00,7.56,3.62,2.94,1.14,3.94,0.59,1.8
2026-09-29 05:00:00+00:00,7.5,3.62,2.94,1.14,3.88,0.59,1.8
2026-09-29 06:00:00+00:00,7.53,3.53,2.94,1.14,4.0,0.59,1.8
2026-09-29 07:00:00+00:00,7.6,3.51,2.94,1.14,4.09,0.59,1.8
2026-09-29 08:00:00+00:00,7.54,3.3,2.94,1.14,4.24,0.59,1.8
2026-09-29 09:00:00+00:00,7.56,3.39,2.19,0.77,4.17,1.2,1.42
2026-09-29 10:00:00+00:00,7.52,3.23,1.81,0.77,4.29,1.42,1.42
2026-09-29 11:00:00+00:00,7.62,3.2,1.29,2.61,4.42,1.91,-1.32
2026-09-29 12:00:00+00:00,6.98,3.16,2.08,1.68,3.82,1.08,0.4
2026-09-29 13:00:00+00:00,7.36,3.06,2.39,1.37,4.3,0.67,1.02
2026-09-29 14:00:00+00:00,7.31,3.06,2.09,2.04,4.25,0.97,0.05
2026-09-29 15:00:00+00:00,7.26,2.94,1.98,1.38,4.32,0.96,0.6
2026-09-29 16:00:00+00:00,6.82,2.88,2.37,1.4,3.94,0.51,0.97
2026-09-29 17:00:00+00:00,6.52,2.76,2.1,1.4,3.76,0.66,0.7
2026-09-29 18:00:00+00:00,6.41,2.74,1.95,1.4,3.67,0.79,0.7
2026-09-29 19:00:00+00:00,6.76,2.55,1.9,1.4,4.21,0.65,0.7
2026-09-29 20:00:00+00:00,7.0,2.67,1.66,1.65,4.33,1.01,0.01
2026-09-29 22:00:00+00:00,7.66,2.64,2.14,1.65,5.02,0.5,0.49
2026-09-29 23:00:00+00:00,7.15,2.66,2.14,1.65,4.49,0.5,0.49
2026-09-30 00:00:00+00:00,6.91,2.86,2.14,1.65,4.05,0.5,0.49
2026-09-30 01:00:00+00:00,6.85,2.76,1.91,1.62,4.09,0.85,0.29
2026-09-30 02:00:00+00:00,6.44,2.73,2.01,1.66,3.71,0.72,0.35
2026-09-30 03:00:00+00:00,6.64,2.8,1.99,1.71,3.84,0.81,0.28
2026-09-30 04:00:00+00:00,6.88,2.72,1.83,1.71,4.16,0.89,0.12
2026-09-30 05:00:00+00:00,6.9,2.61,1.87,1.57,4.29,0.74,0.3
2026-09-30 06:00:00+00:00,6.77,2.61,2.03,1.44,4.16,0.58,0.59
2026-09-30 07:00:00+00:00,6.36,2.4,2.27,1.61,3.96,0.13,0.66
2026-09-30 08:00:00+00:00,6.08,2.46,2.25,2.63,3.62,0.21,-0.38
2026-09-30 09:00:00+00:00,6.65,2.47,2.07,2.82,4.18,0.4,-0.75
2026-09-30 10:00:00+00:00,5.86,2.61,1.99,2.82,3.25,0.62,-0.75
2026-09-30 11:00:00+00:00,5.47,2.57,2.26,2.82,2.9,0.31,-0.75
