timestamp,Open,High,Low,Close,Volume
2026-07-22 15:00:00+00:00,80.5999984741211,80.5999984741211,80.5999984741211,80.5999984741211,0
2026-07-23 18:00:00+00:00,82.11000061035156,82.11000061035156,82.11000061035156,82.11000061035156,0
2026-07-24 13:00:00+00:00,81.2699966430664,81.30999755859375,81.13999938964844,81.30999755859375,1640
2026-07-24 15:00:00+00:00,81.16999816894531,81.27999877929688,81.16999816894531,81.27999877929688,3634
2026-07-27 18:00:00+00:00,78.76000213623047,78.80000305175781,78.76000213623047,78.76000213623047,0
2026-07-28 15:00:00+00:00,75.87000274658203,75.87000274658203,75.87000274658203,75.87000274658203,4354
2026-07-29 13:00:00+00:00,78.69999694824219,78.69999694824219,78.69999694824219,78.69999694824219,140
2026-07-29 14:00:00+00:00,78.80000305175781,78.80000305175781,78.80000305175781,78.80000305175781,3908
2026-07-29 18:00:00+00:00,79.8499984741211,79.8499984741211,79.72000122070312,79.72000122070312,0
2026-07-30 15:00:00+00:00,78.1500015258789,78.1500015258789,78.1500015258789,78.1500015258789,1586
2026-07-30 18:00:00+00:00,78.1500015258789,78.19000244140625,78.1500015258789,78.16000366210938,0
2026-08-04 00:00:00+00:00,76.75,76.75,76.75,76.75,0
2026-08-04 11:00:00+00:00,77.11000061035156,77.12000274658203,75.69999694824219,75.69999694824219,5303
2026-08-04 13:00:00+00:00,75.0,75.0,75.0,75.0,4540
2026-08-04 18:00:00+00:00,74.73999786376953,74.73999786376953,74.73999786376953,74.73999786376953,462
2026-08-04 19:00:00+00:00,74.69000244140625,74.69000244140625,74.69000244140625,74.69000244140625,0
2026-08-07 18:00:00+00:00,77.0,77.0,76.83000183105469,76.83000183105469,1392
2026-08-10 12:00:00+00:00,78.0,78.0,78.0,78.0,0
2026-08-11 11:00:00+00:00,79.2699966430664,79.33000183105469,79.19999694824219,79.33000183105469,1908
2026-08-11 14:00:00+00:00,79.4800033569336,79.4800033569336,79.4800033569336,79.4800033569336,3112
2026-08-14 02:00:00+00:00,79.5999984741211,79.5999984741211,79.5999984741211,79.5999984741211,0
2026-08-14 07:00:00+00:00,80.41000366210938,80.41000366210938,80.41000366210938,80.41000366210938,3144
2026-08-14 13:00:00+00:00,79.30999755859375,79.30999755859375,79.30999755859375,79.30999755859375,4359
2026-08-14 18:00:00+00:00,80.12000274658203,80.22000122070312,80.12000274658203,80.22000122070312,616
2026-08-17 08:00:00+00:00,80.58999633789062,80.58999633789062,80.55000305175781,80.55000305175781,156
2026-08-17 09:00:00+00:00,80.77999877929688,80.77999877929688,80.77999877929688,80.77999877929688,3916
2026-08-17 16:00:00+00:00,81.16000366210938,81.31999969482422,81.1500015258789,81.31999969482422,0
2026-08-19 00:00:00+00:00,83.27999877929688,83.30000305175781,83.12000274658203,83.12000274658203,2281
2026-08-19 12:00:00+00:00,82.4000015258789,82.4000015258789,82.4000015258789,82.4000015258789,809
2026-08-19 13:00:00+00:00,82.73999786376953,82.73999786376953,82.73999786376953,82.73999786376953,8716
2026-08-20 19:00:00+00:00,83.55000305175781,83.55000305175781,83.55000305175781,83.55000305175781,0
2026-08-21 03:00:00+00:00,83.63999938964844,83.63999938964844,83.63999938964844,83.63999938964844,4620
2026-08-21 14:00:00+00:00,84.0999984741211,84.0999984741211,84.0999984741211,84.0999984741211,2947
2026-08-21 18:00:00+00:00,84.36000061035156,84.36000061035156,84.2300033569336,84.29000091552734,1276
2026-08-25 20:00:00+00:00,79.91999816894531,79.91999816894531,79.91999816894531,79.91999816894531,0
2026-08-26 06:00:00+00:00,79.73999786376953,79.75,79.73999786376953,79.75,6240
2026-08-26 15:00:00+00:00,81.37000274658203,81.37000274658203,81.37000274658203,81.37000274658203,1633
2026-08-27 18:00:00+00:00,81.22000122070312,81.22000122070312,81.22000122070312,81.22000122070312,0
2026-08-28 01:00:00+00:00,80.93000030517578,80.93000030517578,80.93000030517578,80.93000030517578,250
2026-08-28 02:00:00+00:00,80.93000030517578,80.93000030517578,80.93000030517578,80.93000030517578,5868
2026-08-31 18:00:00+00:00,82.80999755859375,82.80999755859375,82.76000213623047,82.76000213623047,3105
2026-09-01 02:00:00+00:00,83.11000061035156,83.11000061035156,83.05999755859375,83.05999755859375,98
2026-09-01 03:00:00+00:00,82.95999908447266,82.95999908447266,82.95999908447266,82.95999908447266,232
2026-09-01 06:00:00+00:00,82.93000030517578,82.93000030517578,82.93000030517578,82.93000030517578,116
2026-09-01 07:00:00+00:00,83.31999969482422,83.31999969482422,83.31999969482422,83.31999969482422,4343
2026-09-01 12:00:00+00:00,83.05000305175781,83.4800033569336,83.04000091552734,83.4800033569336,3886
2026-09-01 15:00:00+00:00,83.47000122070312,83.47000122070312,83.47000122070312,83.47000122070312,1788
2026-09-02 14:00:00+00:00,84.19000244140625,84.19000244140625,84.19000244140625,84.19000244140625,0
2026-09-03 09:00:00+00:00,83.80000305175781,83.80000305175781,83.80000305175781,83.80000305175781,7731
2026-09-03 12:00:00+00:00,83.7699966430664,83.7699966430664,83.7699966430664,83.7699966430664,1732
2026-09-03 13:00:00+00:00,83.4000015258789,83.4000015258789,83.4000015258789,83.4000015258789,0
2026-09-04 14:00:00+00:00,84.0,84.37999725341797,84.0,84.37999725341797,401
2026-09-04 15:00:00+00:00,84.23999786376953,84.31999969482422,84.23999786376953,84.31999969482422,854
2026-09-04 16:00:00+00:00,84.31999969482422,84.31999969482422,84.31999969482422,84.31999969482422,358
2026-09-04 17:00:00+00:00,84.54000091552734,84.54000091552734,84.54000091552734,84.54000091552734,1808
2026-09-04 18:00:00+00:00,84.68000030517578,84.68000030517578,84.66999816894531,84.66999816894531,652
2026-09-08 12:00:00+00:00,85.97000122070312,85.97000122070312,85.97000122070312,85.97000122070312,3161
2026-09-08 13:00:00+00:00,86.06999969482422,86.08000183105469,86.06999969482422,86.06999969482422,1061
2026-09-08 14:00:00+00:00,86.18000030517578,86.18000030517578,86.18000030517578,86.18000030517578,3938
2026-09-08 17:00:00+00:00,85.87999725341797,85.87999725341797,85.73999786376953,85.73999786376953,1102
2026-09-08 18:00:00+00:00,86.3499984741211,86.3499984741211,86.3499984741211,86.3499984741211,2256
2026-09-08 20:00:00+00:00,87.05000305175781,87.05000305175781,87.05000305175781,87.05000305175781,0
2026-09-09 07:00:00+00:00,87.56999969482422,87.66000366210938,87.56999969482422,87.66000366210938,14746
2026-09-09 16:00:00+00:00,88.0,88.0,87.73999786376953,87.73999786376953,1555
2026-09-09 17:00:00+00:00,87.9800033569336,87.9800033569336,87.9800033569336,87.9800033569336,0
2026-09-10 12:00:00+00:00,90.08999633789062,90.08999633789062,90.08999633789062,90.08999633789062,1376
2026-09-10 13:00:00+00:00,90.3499984741211,90.37999725341797,90.3499984741211,90.37999725341797,2965
2026-09-10 14:00:00+00:00,89.95999908447266,89.95999908447266,89.79000091552734,89.80000305175781,10958
2026-09-10 16:00:00+00:00,91.04000091552734,91.04000091552734,90.97000122070312,90.97000122070312,4059
2026-09-10 17:00:00+00:00,91.33000183105469,91.44000244140625,91.33000183105469,91.44000244140625,5909
2026-09-10 19:00:00+00:00,91.41999816894531,91.41999816894531,91.31999969482422,91.31999969482422,190
2026-09-10 20:00:00+00:00,91.5199966430664,91.69999694824219,91.4800033569336,91.69999694824219,1357
2026-09-10 22:00:00+00:00,92.13999938964844,92.13999938964844,92.13999938964844,92.13999938964844,0
2026-09-11 00:00:00+00:00,91.56999969482422,91.56999969482422,91.56999969482422,91.56999969482422,629
2026-09-11 02:00:00+00:00,91.01000213623047,91.01000213623047,91.01000213623047,91.01000213623047,68
2026-09-11 03:00:00+00:00,91.18000030517578,91.30999755859375,91.16000366210938,91.30000305175781,291
2026-09-11 05:00:00+00:00,89.51000213623047,89.51000213623047,89.51000213623047,89.51000213623047,1651
2026-09-11 06:00:00+00:00,89.91999816894531,90.20999908447266,89.72000122070312,89.93000030517578,4180
2026-09-11 08:00:00+00:00,89.83000183105469,89.83000183105469,89.81999969482422,89.81999969482422,2533
2026-09-11 09:00:00+00:00,89.16000366210938,89.16000366210938,89.16000366210938,89.16000366210938,677
2026-09-11 10:00:00+00:00,88.7699966430664,88.91000366210938,88.7699966430664,88.91000366210938,4796
2026-09-11 12:00:00+00:00,89.3499984741211,89.3499984741211,89.3499984741211,89.3499984741211,5237
2026-09-11 15:00:00+00:00,89.05000305175781,89.4000015258789,89.05000305175781,89.38999938964844,329
2026-09-11 16:00:00+00:00,89.48999786376953,89.51000213623047,89.25,89.25,5113
2026-09-11 18:00:00+00:00,89.69000244140625,89.79000091552734,89.52999877929688,89.62999725341797,3578
2026-09-14 01:00:00+00:00,90.79000091552734,90.81999969482422,90.76000213623047,90.76000213623047,30
2026-09-14 02:00:00+00:00,90.38999938964844,90.38999938964844,90.38999938964844,90.38999938964844,407
2026-09-14 03:00:00+00:00,90.58000183105469,90.61000061035156,90.44999694824219,90.44999694824219,856
2026-09-14 05:00:00+00:00,90.05000305175781,90.05000305175781,90.05000305175781,90.05000305175781,7452
2026-09-14 11:00:00+00:00,90.76000213623047,90.76000213623047,90.76000213623047,90.76000213623047,1236
2026-09-14 12:00:00+00:00,91.33000183105469,91.37000274658203,91.33000183105469,91.37000274658203,515
2026-09-14 13:00:00+00:00,90.8499984741211,91.12999725341797,90.8499984741211,91.12999725341797,1585
2026-09-14 14:00:00+00:00,91.31999969482422,91.4000015258789,91.31999969482422,91.4000015258789,1325
2026-09-14 15:00:00+00:00,90.87000274658203,90.87000274658203,90.44999694824219,90.44999694824219,4081
2026-09-14 16:00:00+00:00,90.18000030517578,90.26000213623047,89.86000061035156,89.86000061035156,3027
2026-09-14 17:00:00+00:00,90.19000244140625,90.19000244140625,90.19000244140625,90.19000244140625,439
2026-09-14 18:00:00+00:00,90.30000305175781,90.5999984741211,89.97000122070312,90.08000183105469,4442
2026-09-14 20:00:00+00:00,90.54000091552734,90.54000091552734,90.54000091552734,90.54000091552734,0
2026-09-15 01:00:00+00:00,90.51000213623047,90.80000305175781,90.51000213623047,90.80000305175781,924
2026-09-15 05:00:00+00:00,91.33999633789062,91.33999633789062,91.33999633789062,91.33999633789062,376
2026-09-15 06:00:00+00:00,91.13999938964844,91.41999816894531,91.13999938964844,91.41999816894531,563
2026-09-15 07:00:00+00:00,91.43000030517578,91.43000030517578,91.43000030517578,91.43000030517578,4005
2026-09-15 10:00:00+00:00,91.22000122070312,91.22000122070312,91.22000122070312,91.22000122070312,3287
2026-09-15 12:00:00+00:00,90.79000091552734,90.80000305175781,90.79000091552734,90.80000305175781,3362
2026-09-15 13:00:00+00:00,91.7699966430664,91.7699966430664,91.7699966430664,91.7699966430664,1362
2026-09-15 14:00:00+00:00,91.9800033569336,92.33999633789062,91.9800033569336,92.20999908447266,9414
2026-09-15 17:00:00+00:00,92.3499984741211,92.3499984741211,92.3499984741211,92.3499984741211,1239
2026-09-15 18:00:00+00:00,92.16999816894531,92.16999816894531,92.05999755859375,92.05999755859375,2013
2026-09-15 20:00:00+00:00,91.94000244140625,91.94000244140625,91.83999633789062,91.83999633789062,0
2026-09-16 01:00:00+00:00,92.01000213623047,92.13999938964844,92.01000213623047,92.02999877929688,95
2026-09-16 02:00:00+00:00,91.91999816894531,91.95999908447266,91.91999816894531,91.91999816894531,229
2026-09-16 03:00:00+00:00,91.54000091552734,91.54000091552734,91.54000091552734,91.54000091552734,595
2026-09-16 07:00:00+00:00,91.33999633789062,91.33999633789062,91.33999633789062,91.33999633789062,1650
2026-09-16 09:00:00+00:00,91.87999725341797,91.88999938964844,91.87999725341797,91.88999938964844,2041
2026-09-16 11:00:00+00:00,91.63999938964844,91.69000244140625,91.58000183105469,91.69000244140625,2454
2026-09-16 13:00:00+00:00,91.62000274658203,91.62000274658203,91.41999816894531,91.41999816894531,1982
2026-09-16 14:00:00+00:00,91.0,91.0,91.0,91.0,2066
2026-09-16 15:00:00+00:00,90.19000244140625,90.4800033569336,89.66999816894531,90.4800033569336,5316
2026-09-16 18:00:00+00:00,90.58000183105469,90.76000213623047,90.58000183105469,90.7300033569336,0
2026-09-17 01:00:00+00:00,91.05000305175781,91.05000305175781,90.88999938964844,90.98999786376953,35
2026-09-17 02:00:00+00:00,90.97000122070312,90.97000122070312,90.87999725341797,90.87999725341797,230
2026-09-17 03:00:00+00:00,90.94000244140625,90.94000244140625,90.94000244140625,90.94000244140625,891
2026-09-17 06:00:00+00:00,90.38999938964844,90.4000015258789,90.38999938964844,90.4000015258789,393
2026-09-17 07:00:00+00:00,90.20999908447266,90.20999908447266,90.20999908447266,90.20999908447266,1634
2026-09-17 08:00:00+00:00,90.80999755859375,90.80999755859375,90.69000244140625,90.69000244140625,511
2026-09-17 09:00:00+00:00,90.63999938964844,90.63999938964844,90.63999938964844,90.63999938964844,1134
2026-09-17 10:00:00+00:00,90.5999984741211,90.73999786376953,90.5999984741211,90.73999786376953,3612
2026-09-17 11:00:00+00:00,90.55000305175781,90.55000305175781,90.55000305175781,90.55000305175781,536
2026-09-17 12:00:00+00:00,90.5999984741211,90.5999984741211,89.97000122070312,89.97000122070312,4233
2026-09-17 13:00:00+00:00,90.05999755859375,90.05999755859375,90.0,90.0,1915
2026-09-17 14:00:00+00:00,89.91000366210938,90.22000122070312,89.91000366210938,90.22000122070312,1886
2026-09-17 15:00:00+00:00,90.26000213623047,90.26000213623047,90.18000030517578,90.18000030517578,3857
2026-09-17 17:00:00+00:00,90.5199966430664,90.5999984741211,90.5199966430664,90.5999984741211,713
2026-09-17 18:00:00+00:00,90.3499984741211,90.4800033569336,90.27999877929688,90.3499984741211,0
2026-09-18 00:00:00+00:00,90.19999694824219,90.19999694824219,90.19999694824219,90.19999694824219,127
2026-09-18 02:00:00+00:00,90.01000213623047,90.01000213623047,90.01000213623047,90.01000213623047,4
2026-09-18 03:00:00+00:00,90.02999877929688,90.16000366210938,90.02999877929688,90.08999633789062,530
2026-09-18 06:00:00+00:00,89.7300033569336,89.7300033569336,89.7300033569336,89.7300033569336,3187
2026-09-18 09:00:00+00:00,89.68000030517578,89.68000030517578,89.63999938964844,89.63999938964844,1644
2026-09-18 10:00:00+00:00,89.68000030517578,89.68000030517578,89.68000030517578,89.68000030517578,68
2026-09-18 11:00:00+00:00,89.63999938964844,89.7699966430664,89.58000183105469,89.58000183105469,4376
2026-09-18 13:00:00+00:00,90.61000061035156,90.61000061035156,90.5999984741211,90.61000061035156,205
2026-09-18 14:00:00+00:00,90.5199966430664,90.5199966430664,90.48999786376953,90.48999786376953,1206
2026-09-18 15:00:00+00:00,90.54000091552734,90.87999725341797,90.54000091552734,90.87999725341797,4480
2026-09-18 16:00:00+00:00,90.29000091552734,90.29000091552734,90.29000091552734,90.29000091552734,2195
2026-09-18 18:00:00+00:00,90.76000213623047,90.76000213623047,90.69000244140625,90.70999908447266,306
2026-09-18 19:00:00+00:00,90.47000122070312,90.83999633789062,90.47000122070312,90.83999633789062,620
2026-09-21 05:00:00+00:00,89.79000091552734,89.80999755859375,89.79000091552734,89.80999755859375,323
2026-09-21 07:00:00+00:00,89.75,89.75,89.62000274658203,89.62000274658203,2475
2026-09-21 10:00:00+00:00,89.16999816894531,89.16999816894531,89.16999816894531,89.16999816894531,748
2026-09-21 11:00:00+00:00,89.44000244140625,89.45999908447266,89.43000030517578,89.43000030517578,2537
2026-09-21 13:00:00+00:00,89.52999877929688,89.55000305175781,89.52999877929688,89.55000305175781,989
2026-09-21 14:00:00+00:00,88.98999786376953,89.2300033569336,88.9800033569336,89.16999816894531,2647
2026-09-21 15:00:00+00:00,88.91999816894531,88.91999816894531,88.91999816894531,88.91999816894531,1323
2026-09-21 16:00:00+00:00,88.41000366210938,88.41000366210938,88.37999725341797,88.37999725341797,1081
2026-09-21 17:00:00+00:00,88.4000015258789,88.80000305175781,88.4000015258789,88.80000305175781,1109
2026-09-21 18:00:00+00:00,89.11000061035156,89.13999938964844,89.11000061035156,89.12000274658203,529
2026-09-21 20:00:00+00:00,88.91000366210938,88.91000366210938,88.91000366210938,88.91000366210938,0
2026-09-22 05:00:00+00:00,89.75,89.75,89.75,89.75,1643
2026-09-22 08:00:00+00:00,89.87999725341797,89.87999725341797,88.38999938964844,88.5,1769
2026-09-22 09:00:00+00:00,88.51000213623047,88.7699966430664,88.51000213623047,88.7699966430664,4241
2026-09-22 11:00:00+00:00,88.19999694824219,88.19999694824219,87.69999694824219,87.69999694824219,2414
2026-09-22 13:00:00+00:00,87.95999908447266,87.95999908447266,87.8499984741211,87.8499984741211,1381
2026-09-22 14:00:00+00:00,88.16000366210938,88.9000015258789,88.16000366210938,88.7699966430664,2301
2026-09-22 15:00:00+00:00,88.70999908447266,88.76000213623047,88.70999908447266,88.76000213623047,3281
2026-09-22 17:00:00+00:00,88.54000091552734,88.54000091552734,87.94999694824219,87.94999694824219,1795
2026-09-22 18:00:00+00:00,88.48999786376953,88.83999633789062,88.44999694824219,88.83999633789062,2555
2026-09-22 20:00:00+00:00,87.9000015258789,87.9000015258789,87.9000015258789,87.9000015258789,0
2026-09-23 01:00:00+00:00,88.47000122070312,88.47000122070312,88.47000122070312,88.47000122070312,470
2026-09-23 03:00:00+00:00,87.94000244140625,87.94000244140625,87.94000244140625,87.94000244140625,20
2026-09-23 04:00:00+00:00,88.0,88.0,87.98999786376953,87.98999786376953,70
2026-09-23 05:00:00+00:00,87.97000122070312,88.26000213623047,87.97000122070312,88.26000213623047,682
2026-09-23 07:00:00+00:00,88.30999755859375,88.31999969482422,88.30999755859375,88.31999969482422,1028
2026-09-23 08:00:00+00:00,88.58999633789062,88.95999908447266,88.58999633789062,88.87999725341797,1936
2026-09-23 10:00:00+00:00,88.44999694824219,88.44999694824219,88.44999694824219,88.44999694824219,4261
2026-09-23 13:00:00+00:00,89.30000305175781,89.5,89.30000305175781,89.5,5427
2026-09-23 14:00:00+00:00,89.73999786376953,89.80999755859375,88.62999725341797,89.80999755859375,7907
2026-09-23 18:00:00+00:00,90.13999938964844,90.81999969482422,90.12999725341797,90.81999969482422,0
2026-09-24 01:00:00+00:00,89.83000183105469,89.83000183105469,89.7300033569336,89.7300033569336,975
2026-09-24 06:00:00+00:00,90.55000305175781,90.61000061035156,90.55000305175781,90.55999755859375,788
2026-09-24 08:00:00+00:00,90.91999816894531,91.41999816894531,90.91999816894531,91.41999816894531,1978
2026-09-24 09:00:00+00:00,91.77999877929688,91.77999877929688,91.77999877929688,91.77999877929688,4661
2026-09-24 13:00:00+00:00,91.36000061035156,91.36000061035156,91.30999755859375,91.30999755859375,2478
2026-09-24 14:00:00+00:00,92.4000015258789,92.4000015258789,92.4000015258789,92.4000015258789,693
2026-09-24 15:00:00+00:00,93.0,93.0,93.0,93.0,2284
2026-09-24 16:00:00+00:00,91.41999816894531,91.41999816894531,91.2699966430664,91.36000061035156,5283
2026-09-24 17:00:00+00:00,91.9800033569336,91.9800033569336,91.9800033569336,91.9800033569336,1696
2026-09-24 18:00:00+00:00,91.20999908447266,91.44999694824219,91.12999725341797,91.29000091552734,2178
2026-09-24 20:00:00+00:00,91.97000122070312,91.97000122070312,91.97000122070312,91.97000122070312,0
2026-09-25 01:00:00+00:00,90.80000305175781,90.81999969482422,90.80000305175781,90.81999969482422,236
2026-09-25 03:00:00+00:00,90.11000061035156,90.30999755859375,90.11000061035156,90.30999755859375,961
2026-09-25 07:00:00+00:00,90.66000366210938,90.66000366210938,90.58999633789062,90.58999633789062,6502
2026-09-25 13:00:00+00:00,90.25,90.58999633789062,90.25,90.58999633789062,5229
2026-09-25 16:00:00+00:00,89.5999984741211,89.6500015258789,89.55999755859375,89.6500015258789,9473
2026-09-25 18:00:00+00:00,89.98999786376953,90.08999633789062,89.94999694824219,90.04000091552734,1578
2026-09-25 19:00:00+00:00,90.08000183105469,90.37999725341797,90.08000183105469,90.12000274658203,1545
2026-09-28 01:00:00+00:00,90.30999755859375,90.58999633789062,90.30999755859375,90.43000030517578,1105
2026-09-28 05:00:00+00:00,90.91000366210938,90.91000366210938,90.91000366210938,90.91000366210938,301
2026-09-28 06:00:00+00:00,90.79000091552734,90.79000091552734,90.79000091552734,90.79000091552734,1854
2026-09-28 08:00:00+00:00,91.94000244140625,91.94000244140625,91.94000244140625,91.94000244140625,2698
2026-09-28 10:00:00+00:00,92.36000061035156,92.36000061035156,92.36000061035156,92.36000061035156,2214
2026-09-28 12:00:00+00:00,91.61000061035156,91.61000061035156,91.61000061035156,91.61000061035156,7473
2026-09-28 16:00:00+00:00,89.93000030517578,90.29000091552734,89.93000030517578,90.29000091552734,4573
2026-09-28 18:00:00+00:00,90.62000274658203,90.62000274658203,90.3499984741211,90.3499984741211,2297
2026-09-28 19:00:00+00:00,90.4000015258789,90.4000015258789,90.4000015258789,90.4000015258789,464
2026-09-28 20:00:00+00:00,90.87999725341797,90.94999694824219,90.87999725341797,90.94999694824219,0
2026-09-29 01:00:00+00:00,91.19000244140625,91.19000244140625,91.19000244140625,91.19000244140625,357
2026-09-29 04:00:00+00:00,91.54000091552734,91.54000091552734,91.54000091552734,91.54000091552734,165
2026-09-29 05:00:00+00:00,91.9800033569336,91.9800033569336,91.69000244140625,91.69000244140625,22
2026-09-29 06:00:00+00:00,91.55000305175781,91.55000305175781,91.36000061035156,91.48999786376953,571
2026-09-29 07:00:00+00:00,91.2300033569336,91.2300033569336,91.2300033569336,91.2300033569336,4376
2026-09-29 11:00:00+00:00,89.80999755859375,89.80999755859375,89.38999938964844,89.38999938964844,1183
2026-09-29 12:00:00+00:00,89.20999908447266,89.30000305175781,89.20999908447266,89.30000305175781,2174
2026-09-29 13:00:00+00:00,89.58000183105469,89.58000183105469,89.58000183105469,89.58000183105469,5774
2026-09-29 15:00:00+00:00,90.27999877929688,90.31999969482422,90.27999877929688,90.31999969482422,5342
2026-09-29 20:00:00+00:00,89.69000244140625,89.69000244140625,89.69000244140625,89.69000244140625,0
2026-09-30 01:00:00+00:00,89.9000015258789,90.20999908447266,89.9000015258789,90.20999908447266,326
2026-09-30 02:00:00+00:00,89.98999786376953,90.08000183105469,89.98999786376953,90.05999755859375,340
2026-09-30 05:00:00+00:00,90.08000183105469,90.19999694824219,90.08000183105469,90.19999694824219,220
2026-09-30 06:00:00+00:00,89.94000244140625,90.51000213623047,89.94000244140625,90.4000015258789,644
2026-09-30 07:00:00+00:00,89.81999969482422,89.81999969482422,89.81999969482422,89.81999969482422,0
